Date,BBDC4,BBAS3,VALE3,PETR4,CSAN3
2018-01-02,10.438560485839844,13.33534049987793,8.852771759033203,4.981471538543701,24.332210540771484
2018-01-03,10.571694374084473,13.396644592285156,8.852771759033203,5.026622295379639,24.1864070892334
2018-01-04,10.673134803771973,13.616449356079102,8.831966400146484,5.035650730133057,24.285554885864258
2018-01-05,10.673134803771973,13.693581581115723,8.923511505126953,5.065751075744629,24.664649963378906
2018-01-08,10.698493003845215,13.689722061157227,8.846529960632324,5.125949859619141,25.212881088256836
2018-01-09,10.597057342529297,13.562466621398926,8.603103637695312,5.125949859619141,25.11956787109375
2018-01-10,10.5526762008667,13.419784545898438,8.436660766601562,5.056720733642578,24.76963233947754
2018-01-11,10.79358959197998,13.689722061157227,8.521964073181152,5.192169189453125,25.253713607788086
2018-01-12,10.818948745727539,13.689722061157227,8.675925254821777,5.207219123840332,25.399518966674805
2018-01-15,10.872838973999023,13.786124229431152,8.67176342010498,5.222269058227539,25.352863311767578
2018-01-16,10.967937469482422,13.878676414489746,8.480351448059082,5.312566757202148,24.670482635498047
2018-01-17,11.227867126464844,14.225743293762207,8.738340377807617,5.526273727416992,25.166227340698242
2018-01-18,11.151793479919434,14.21031665802002,8.842369079589844,5.484133243560791,24.997093200683594
2018-01-19,11.07888412475586,14.310583114624023,8.815321922302246,5.496174335479736,25.00875473022461
2018-01-22,11.116922378540039,14.507247924804688,8.721696853637695,5.559382915496826,24.874614715576172
2018-01-23,11.164470672607422,14.572809219360352,8.861095428466797,5.490155220031738,23.871463775634766
2018-01-24,12.042540550231934,15.34791088104248,9.196063995361328,5.821249485015869,24.367202758789062
2018-01-25,12.042540550231934,15.34791088104248,9.196063995361328,5.821249485015869,24.367202758789062
2018-01-26,12.416592597961426,15.887794494628906,9.410361289978027,5.998836994171143,24.16307830810547
2018-01-29,12.346851348876953,15.425039291381836,9.4977445602417,5.974755764007568,24.43136215209961
2018-01-30,12.299308776855469,15.579278945922852,9.233514785766602,5.866400241851807,24.1864070892334
2018-01-31,12.578259468078613,15.714262962341309,9.079551696777344,5.929608345031738,24.17474365234375
2018-02-01,12.613125801086426,15.2977876663208,9.154452323913574,6.176422119140625,24.37303924560547
2018-02-02,12.441949844360352,14.822836875915527,9.156532287597656,6.0108771324157715,23.79564666748047
2018-02-05,12.071072578430176,14.583641052246094,9.081633567810059,5.73095178604126,23.533193588256836
2018-02-06,12.600448608398438,14.93087100982666,9.248076438903809,6.016895771026611,24.76963233947754
2018-02-07,12.613125801086426,14.707094192504883,9.229353904724121,5.851348876953125,24.326379776000977
2018-02-08,12.216886520385742,14.525760650634766,9.012974739074707,5.73396110534668,24.256397247314453
2018-02-09,11.988649368286133,14.359870910644531,9.033781051635742,5.64968204498291,24.49551773071289
2018-02-14,12.540215492248535,14.884571075439453,8.956799507141113,5.794159889221191,25.959415435791016
2018-02-15,12.648000717163086,14.946308135986328,9.031700134277344,5.8393073081970215,26.79926109313965
2018-02-16,12.774789810180664,14.919300079345703,8.925592422485352,5.845328330993652,26.845922470092773
2018-02-19,12.562411308288574,14.845992088317871,9.289690017700195,6.0349555015563965,27.090871810913086
2018-02-20,12.933290481567383,15.29738998413086,9.689155578613281,6.15234375,26.542644500732422
2018-02-21,13.034721374511719,15.378408432006836,9.945064544677734,6.095154285430908,26.128551483154297
2018-02-22,13.440476417541504,15.471013069152832,9.795265197753906,6.242644309997559,26.635955810546875
2018-02-23,13.440476417541504,15.613757133483887,9.56640338897705,6.357021808624268,26.875083923339844
2018-02-26,13.637008666992188,15.613757133483887,9.591367721557617,6.477419853210449,27.644943237304688
2018-02-27,13.503872871398926,15.444001197814941,9.262640953063965,6.471398830413818,27.604110717773438
2018-02-28,13.25027847290039,14.957879066467285,9.023377418518066,6.459359169006348,26.274354934692383
2018-03-01,13.345379829406738,15.042753219604492,9.214789390563965,6.32993221282959,25.924427032470703
2018-03-02,13.455595016479492,15.138851165771484,9.216869354248047,6.474410533905029,25.516162872314453
2018-03-05,13.567193984985352,15.239217758178711,9.131566047668457,6.658017158508301,25.48700523376465
2018-03-06,13.86691665649414,15.266227722167969,9.218952178955078,6.591797351837158,25.364524841308594
2018-03-07,13.771256446838379,14.996033668518066,9.18358039855957,6.522567272186279,25.27517318725586
2018-03-08,13.844596862792969,14.799173355102539,9.060827255249023,6.531598091125488,24.455272674560547
2018-03-09,13.937061309814453,15.115705490112305,9.391636848449707,6.739284515380859,24.832778930664062
2018-03-12,13.863730430603027,15.23535442352295,9.316736221313477,6.721225738525391,25.045127868652344
2018-03-13,13.688578605651855,15.015340805053711,9.008813858032227,6.6550068855285645,24.85047721862793
2018-03-14,13.570378303527832,14.934284210205078,9.002572059631348,6.736274719238281,25.127702713012695
2018-03-15,13.541629791259766,14.718119621276855,8.896464347839355,6.41420841217041,25.009733200073242
2018-03-16,13.544820785522461,14.756719589233398,9.0941162109375,6.4503302574157715,24.950756072998047
2018-03-19,13.225369453430176,14.606183052062988,8.859012603759766,6.299831390380859,24.2429256439209
2018-03-20,13.276479721069336,14.59073543548584,8.759147644042969,6.3690619468688965,24.537851333618164
2018-03-21,13.496904373168945,14.664074897766113,8.898544311523438,6.636944770812988,25.068723678588867
2018-03-22,13.254121780395508,14.752867698669434,8.748744010925293,6.537618160247803,24.732505798339844
2018-03-23,13.161480903625488,14.853216171264648,8.732100486755371,6.546647548675537,24.537851333618164
2018-03-26,13.250922203063965,14.93813705444336,8.840288162231445,6.630928993225098,24.77379608154297
2018-03-27,12.921887397766113,14.756719589233398,8.65303897857666,6.453338146209717,24.101362228393555
2018-03-28,12.880358695983887,14.853216171264648,8.48867416381836,6.381100654602051,24.502458572387695
2018-03-29,13.107168197631836,15.246935844421387,8.636392593383789,6.444310188293457,24.897661209106445
2018-04-02,12.857999801635742,15.10720157623291,8.455385208129883,6.290802001953125,25.363645553588867
2018-04-03,12.688688278198242,15.276697158813477,8.447062492370605,6.233611583709717,25.28696632385254
2018-04-04,12.794108390808105,15.145004272460938,8.38464641571045,6.134283065795898,25.09821128845215
2018-04-05,13.167866706848145,15.19173526763916,8.295181274414062,6.366050720214844,25.511110305786133
2018-04-06,12.99536418914795,15.145004272460938,8.234847068786621,6.405181884765625,25.21028709411621
2018-04-09,12.522570610046387,14.571487426757812,8.072561264038086,6.1794328689575195,25.33415412902832
2018-04-10,12.372428894042969,14.69469165802002,8.095449447631836,6.441299915313721,26.448978424072266
2018-04-11,12.474658966064453,15.038793563842773,8.417935371398926,6.561697006225586,26.33100700378418
2018-04-12,12.442707061767578,14.766904830932617,8.413775444030762,6.525578022003174,26.4312801361084
2018-04-13,12.024221420288086,14.444048881530762,8.207798957824707,6.381100654602051,26.53155517578125
2018-04-16,11.59615707397461,14.12967300415039,7.991420745849609,6.20652437210083,26.272016525268555
2018-04-17,11.874079704284668,14.308103561401367,8.17451000213623,6.32993221282959,27.0919132232666
2018-04-18,12.145614624023438,14.788155555725098,8.047595977783203,6.561697006225586,28.006187438964844
2018-04-19,12.152002334594727,14.762664794921875,7.906117916107178,6.682095050811768,28.212636947631836
2018-04-20,12.017834663391113,14.55449390411377,7.916521072387695,6.730255126953125,28.09465980529785
2018-04-23,11.800606727600098,14.550244331359863,7.864506721496582,6.76637601852417,28.017976760864258
2018-04-24,11.685602188110352,14.57573413848877,8.228604316711426,6.742292881011963,28.495763778686523
2018-04-25,11.838946342468262,14.754166603088379,8.186993598937988,6.540627956390381,28.283411026000977
2018-04-26,11.931581497192383,14.754166603088379,8.388808250427246,6.811524391174316,28.72580337524414
2018-04-27,11.931581497192383,14.915586471557617,8.38464641571045,6.835604190826416,28.51935577392578
2018-04-30,11.723939895629883,14.68619441986084,8.276457786560059,6.913862705230713,28.70810317993164
2018-05-02,11.506710052490234,14.308103561401367,8.2639741897583,6.802493095397949,28.73170280456543
2018-05-03,11.180866241455078,14.014368057250977,8.023969650268555,6.757345199584961,28.955848693847656
2018-05-04,11.158507347106934,14.027119636535645,7.874148368835449,6.703166484832764,29.315658569335938
2018-05-07,11.145727157592773,13.899605751037598,7.820641040802002,6.8175435066223145,29.04432487487793
2018-05-08,11.44920825958252,13.827335357666016,7.908393383026123,6.895802021026611,29.014827728271484
2018-05-09,11.931581497192383,13.937853813171387,8.111719131469727,7.458662509918213,29.640073776245117
2018-05-10,11.493927001953125,14.21839714050293,8.047511100769043,7.750629425048828,30.318408966064453
2018-05-11,11.43962287902832,13.96336841583252,8.366415023803711,7.657320022583008,31.043928146362305
2018-05-14,11.155314445495605,13.763587951660156,8.475570678710938,7.898116588592529,32.01127624511719
2018-05-15,10.85183048248291,13.682816505432129,8.636093139648438,8.063666343688965,32.23542404174805
2018-05-16,11.011558532714844,13.903853416442871,8.552621841430664,8.244260787963867,32.97274398803711
2018-05-17,10.500431060791016,13.325758934020996,8.625391960144043,7.810827732086182,32.666019439697266
2018-05-18,10.442930221557617,13.385276794433594,8.561182022094727,7.720529079437256,32.30620193481445
2018-05-21,10.193756103515625,13.193992614746094,8.556902885437012,7.539931774139404,31.262165069580078
2018-05-22,10.420156478881836,13.572303771972656,8.633954048156738,7.452467441558838,30.872865676879883
2018-05-23,10.195029258728027,13.21524715423584,8.760231018066406,7.018171787261963,30.636926651000977
2018-05-24,9.883068084716797,13.236498832702637,8.597567558288574,6.056073188781738,30.94364356994629
2018-05-25,9.677234649658203,12.972970008850098,8.479850769042969,5.9716267585754395,30.365596771240234
2018-05-28,8.966477394104004,12.42462158203125,8.021827697753906,5.100010395050049,30.123748779296875
2018-05-29,9.169092178344727,12.475631713867188,8.205892562866211,5.820827960968018,29.58698272705078
2018-05-30,9.767285346984863,12.399125099182129,8.30434799194336,5.724316120147705,29.86421775817871
2018-06-01,9.860553741455078,12.700920104980469,8.229437828063965,4.873811721801758,31.120609283447266
2018-06-04,10.002060890197754,12.832341194152832,8.24013900756836,5.28700065612793,30.97904396057129
2018-06-05,9.365272521972656,12.215601921081543,8.195192337036133,5.003498554229736,31.692758560180664
2018-06-06,8.902156829833984,12.011446952819824,8.171648979187012,4.925083637237549,33.07301330566406
2018-06-07,8.545169830322266,11.798772811889648,7.852744102478027,4.753173828125,32.07026672363281
2018-06-08,8.66738224029541,11.696695327758789,7.662258148193359,4.599358081817627,30.017574310302734
2018-06-11,8.381150245666504,11.475517272949219,7.769272804260254,4.647614479064941,29.993986129760742
2018-06-12,8.70604133605957,11.445744514465332,7.623732566833496,4.662693500518799,30.4953670501709
2018-06-13,8.547979354858398,11.211816787719727,7.632294654846191,4.575231552124023,30.40688705444336
2018-06-14,8.160903930664062,10.756707191467285,7.469632148742676,4.554119110107422,30.501256942749023
2018-06-15,8.06413459777832,10.948105812072754,7.407562732696533,4.514911651611328,28.979442596435547
2018-06-18,7.909301280975342,10.595084190368652,7.484614372253418,4.373159885406494,29.026626586914062
2018-06-19,8.464115142822266,11.143758773803711,7.520998954772949,4.650630474090576,28.489864349365234
2018-06-20,8.709263801574707,11.381948471069336,7.495316028594971,4.888891696929932,28.79068946838379
2018-06-21,8.389924049377441,10.90982437133789,7.491034507751465,4.554119110107422,27.846927642822266
2018-06-22,8.41895580291748,11.118236541748047,7.57450532913208,4.557135581970215,28.318805694580078
2018-06-25,8.664103507995605,11.101227760314941,7.625873565673828,4.735077857971191,27.817432403564453
2018-06-26,8.767324447631836,11.041681289672852,7.672959327697754,4.837620735168457,28.51345443725586
2018-06-27,8.586689949035645,10.863041877746582,7.5252790451049805,4.991434097290039,28.401390075683594
2018-06-28,9.080211639404297,11.23307991027832,7.529560089111328,5.006514549255371,28.944047927856445
2018-06-29,9.241497993469238,11.441496849060059,7.529560089111328,5.184457302093506,29.250774383544922
2018-07-02,9.480195999145508,11.292631149291992,7.446089267730713,5.268905162811279,28.76119613647461
2018-07-03,9.564061164855957,11.815722465515137,7.542402744293213,5.277953624725342,28.2893123626709
2018-07-04,9.838245391845703,11.981719017028809,7.613032341003418,5.311127662658691,28.330612182617188
2018-07-05,9.609222412109375,11.956180572509766,7.580926895141602,5.386528968811035,29.315658569335938
2018-07-06,9.502775192260742,11.990235328674316,7.7500104904174805,5.410654544830322,29.69316291809082
2018-07-10,9.422131538391113,11.83275032043457,7.927655220031738,5.3533525466918945,29.21537971496582
2018-07-11,9.609222412109375,11.785931587219238,7.824920654296875,5.250807762145996,28.820188522338867
2018-07-12,9.793082237243652,12.130696296691895,8.141684532165527,5.413671016693115,29.7580509185791
2018-07-13,10.041460037231445,12.373311042785645,8.188772201538086,5.461926460266113,29.67546844482422
2018-07-16,9.931787490844727,12.428648948669434,7.953337669372559,5.392558574676514,29.49260902404785
2018-07-17,10.264031410217285,12.786184310913086,8.066774368286133,5.516214370727539,29.905508041381836
2018-07-18,10.199518203735352,12.47120475769043,8.24013900756836,5.443830490112305,30.347898483276367
2018-07-19,10.109196662902832,12.628697395324707,8.116000175476074,5.5493903160095215,29.156396865844727
2018-07-20,10.644655227661133,13.06710147857666,8.454167366027832,5.817811965942383,28.73760223388672
2018-07-23,10.573690414428711,12.918129920959473,8.135263442993164,5.8087639808654785,29.256669998168945
2018-07-24,10.657559394836426,13.109668731689453,8.278663635253906,5.929403781890869,30.265321731567383
2018-07-25,10.828518867492676,13.348026275634766,8.396379470825195,6.0198822021484375,30.524850845336914
2018-07-26,10.476921081542969,13.007516860961914,8.261541366577148,5.854002475738525,31.132396697998047
2018-07-27,10.605951309204102,13.152229309082031,8.30434799194336,5.962579250335693,31.527599334716797
2018-07-30,10.609172821044922,13.250130653381348,8.379257202148438,5.998769283294678,32.04667282104492
2018-07-31,10.483373641967773,12.994742393493652,7.891269207000732,5.947498321533203,32.34749984741211
2018-08-01,10.634979248046875,13.164999961853027,7.908393383026123,6.034961223602295,31.29755973815918
2018-08-02,10.718849182128906,13.168827056884766,8.237998008728027,6.155600547790527,31.16779136657715
2018-08-03,11.041410446166992,13.671380996704102,8.488411903381348,6.366718292236328,31.890167236328125
2018-08-06,11.063987731933594,13.577689170837402,8.29792594909668,6.345607757568359,31.79913902282715
2018-08-07,10.828518867492676,13.37325668334961,8.47771167755127,6.2460784912109375,32.011539459228516
2018-08-08,10.52530574798584,13.053827285766602,8.454167366027832,6.074169158935547,31.79913902282715
2018-08-09,10.838196754455566,12.9175443649292,8.23371696472168,6.134489059448242,31.45930290222168
2018-08-10,10.241450309753418,12.274428367614746,7.876287937164307,5.908291339874268,31.380407333374023
2018-08-13,10.289834976196289,12.512939453125,7.81207799911499,6.044008731842041,31.7263126373291
2018-08-14,10.644655227661133,12.725884437561035,8.036810874938965,6.040986061096191,32.01761245727539
2018-08-15,10.418861389160156,12.572563171386719,7.996144771575928,5.759799957275391,30.591503143310547
2018-08-16,10.451118469238281,12.572563171386719,7.953337669372559,5.729564666748047,30.17277717590332
2018-08-17,10.083390235900879,12.189257621765137,7.722187042236328,5.581410884857178,30.828182220458984
2018-08-20,9.815662384033203,12.265917778015137,7.726467132568359,5.551177024841309,31.216567993164062
2018-08-21,9.425357818603516,11.967784881591797,7.533840656280518,5.357670783996582,31.392547607421875
2018-08-22,9.767096519470215,12.261651992797852,7.919093132019043,5.548153400421143,32.345306396484375
2018-08-23,9.519662857055664,11.955002784729004,7.83348274230957,5.427212715148926,32.375648498535156
2018-08-24,9.649890899658203,12.061481475830078,7.711485385894775,5.533034801483154,32.86113357543945
2018-08-27,9.946161270141602,12.385169982910156,7.906251907348633,5.6570000648498535,33.78355407714844
2018-08-28,9.89732551574707,12.308505058288574,7.6601176261901855,5.548153400421143,33.77140808105469
2018-08-29,10.0991792678833,12.457569122314453,7.88270902633667,5.835386753082275,33.51046371459961
2018-08-30,9.744311332702637,11.925193786621094,7.531700134277344,5.684211730957031,33.11601638793945
2018-08-31,9.799654960632324,12.0870361328125,7.4482293128967285,5.8232927322387695,32.53950500488281
2018-09-03,9.568500518798828,11.980562210083008,7.495316028594971,5.744680404663086,32.80044937133789
2018-09-04,9.324322700500488,11.711630821228027,7.473911762237549,5.638858318328857,31.556400299072266
2018-09-05,9.340601921081543,11.784076690673828,7.31125020980835,5.669095039367676,31.647428512573242
2018-09-06,9.548968315124512,12.120767593383789,7.366897106170654,5.74165678024292,32.45454406738281
2018-09-10,9.418740272521973,12.167649269104004,7.334792613983154,5.8232927322387695,32.2967643737793
2018-09-11,8.992242813110352,11.801126480102539,7.1614298820495605,5.593505382537842,31.914445877075195
2018-09-12,9.033224105834961,11.80538272857666,7.249180316925049,5.729564666748047,32.436336517333984
2018-09-13,8.91239070892334,11.758509635925293,7.095080852508545,5.6570000648498535,32.636600494384766
2018-09-14,8.984238624572754,11.809651374816895,7.155007362365723,5.681187629699707,33.49833679199219
2018-09-17,9.291221618652344,12.146334648132324,7.131465435028076,5.865622043609619,33.4012336730957
2018-09-18,9.70598030090332,12.244363784790039,7.073676586151123,6.122620582580566,34.797000885009766
2018-09-19,9.60800838470459,12.299764633178711,7.1057820320129395,6.040986061096191,35.549503326416016
2018-09-20,9.634133338928223,12.274192810058594,7.088658809661865,6.00772762298584,35.99856948852539
2018-09-21,9.986838340759277,12.47023868560791,7.075817584991455,6.089361190795898,37.02414321899414
2018-09-24,9.709246635437012,12.137805938720703,7.0308709144592285,6.047032833099365,36.532596588134766
2018-09-25,9.650463104248047,12.146334648132324,7.041572570800781,6.071220397949219,37.74630355834961
2018-09-26,9.617803573608398,12.176173210144043,7.058694362640381,6.104480743408203,36.41728973388672
2018-09-27,9.892129898071289,12.453195571899414,6.938838958740234,6.488466739654541,36.09566116333008
2018-09-28,9.617803573608398,12.218786239624023,6.936697959899902,6.376595497131348,36.30199432373047
2018-10-01,9.212843894958496,12.08240795135498,6.795438289642334,6.349384307861328,36.653968811035156
2018-10-02,10.264434814453125,12.794179916381836,6.977363109588623,6.89966344833374,37.13945388793945
2018-10-03,11.19518756866455,13.348597526550293,7.1122026443481445,7.1929473876953125,36.38088607788086
2018-10-04,11.469515800476074,13.412569046020508,7.137885093688965,7.262487411499023,35.683006286621094
2018-10-05,11.67199993133545,13.212119102478027,7.458929061889648,7.244345664978027,34.888031005859375
2018-10-08,12.80196475982666,14.107718467712402,7.655837535858154,8.042553901672363,34.621009826660156
2018-10-09,12.736650466918945,14.158894538879395,7.493174076080322,8.109070777893066,35.015464782714844
2018-10-10,12.19779109954834,13.698307991027832,7.41612434387207,7.876262664794922,33.91706085205078
2018-10-11,12.1488037109375,13.617267608642578,7.326232433319092,7.646473407745361,34.27510070800781
2018-10-15,12.318624496459961,13.689779281616211,7.180691719055176,7.791600704193115,34.997257232666016
2018-10-16,12.8574800491333,14.342279434204102,7.422544479370117,8.08185863494873,35.015464782714844
2018-10-17,12.968522071838379,14.359333038330078,7.565944671630859,7.997200965881348,35.683006286621094
2018-10-18,12.818291664123535,13.962721824645996,7.672959327697754,7.770436763763428,34.28723907470703
2018-10-19,12.926067352294922,14.00963020324707,8.026108741760254,7.8369550704956055,34.305442810058594
2018-10-22,13.014241218566895,14.180219650268555,7.9490580558776855,8.021389961242676,35.422054290771484
2018-10-23,13.059965133666992,14.231395721435547,8.047511100769043,7.921613693237305,34.4389533996582
2018-10-24,12.769309043884277,13.89022159576416,7.247041702270508,7.76439094543457,33.03105163574219
2018-10-25,13.095885276794434,14.291101455688477,7.039433002471924,7.957894325256348,33.14028549194336
2018-10-26,13.853557586669922,14.538457870483398,7.2063751220703125,8.344905853271484,33.74107360839844
2018-10-29,13.673935890197754,14.265517234802246,6.960241794586182,7.988128662109375,32.223934173583984
2018-10-30,14.075634002685547,14.819931983947754,6.955960750579834,8.46584701538086,32.69121170043945
2018-10-31,13.961337089538574,14.628015518188477,6.902453422546387,8.3509521484375,34.414676666259766
2018-11-01,14.167075157165527,15.463903427124023,6.988065242767334,8.260245323181152,34.89409637451172
2018-11-05,14.176871299743652,15.796287536621094,7.788534641265869,8.514222145080566,34.91230392456055
2018-11-06,13.869884490966797,15.62560749053955,7.790676116943359,8.220940589904785,34.7302360534668
2018-11-07,13.536770820617676,15.322654724121094,7.473911762237549,7.951848030090332,34.94871139526367
2018-11-08,13.259177207946777,15.002629280090332,7.180691719055176,7.664613723754883,34.602806091308594
2018-11-09,13.5531005859375,15.224509239196777,7.34335470199585,7.697874546051025,33.16455841064453
2018-11-12,13.775175094604492,15.211719512939453,7.172130584716797,7.658568382263184,33.28593063354492
2018-11-13,13.618419647216797,14.938627243041992,6.970942497253418,7.329003810882568,34.14766311645508
2018-11-14,13.641275405883789,15.147709846496582,7.152868747711182,7.5890278816223145,33.47405242919922
2018-11-16,14.072364807128906,15.881620407104492,7.364757061004639,7.8006720542907715,34.0748405456543
2018-11-19,14.402215003967285,15.813363075256348,7.2063751220703125,7.861141681671143,33.601497650146484
2018-11-21,14.369553565979004,15.638411521911621,7.204235553741455,7.61019229888916,33.09173583984375
2018-11-22,14.655378341674805,15.70240592956543,7.155007362365723,7.634476184844971,32.79438018798828
2018-11-23,14.770771980285645,15.66828441619873,7.084377765655518,7.397701740264893,30.555091857910156
2018-11-26,14.510302543640137,15.44212532043457,6.831823825836182,7.361271858215332,30.415510177612305
2018-11-27,14.85319709777832,16.073640823364258,6.960241794586182,7.7498273849487305,30.294143676757812
2018-11-28,15.087286949157715,16.402196884155273,6.953820705413818,7.7042927742004395,31.73845672607422
2018-11-29,14.915842056274414,16.607006072998047,7.251321315765381,7.6405463218688965,31.556400299072266
2018-11-30,14.7147216796875,16.410728454589844,7.375457763671875,7.728579521179199,32.0418815612793
2018-12-03,14.53997802734375,16.12910270690918,7.5402607917785645,7.8742876052856445,32.836856842041016
2018-12-04,14.39490032196045,16.085983276367188,7.422544479370117,7.69215202331543,32.090431213378906
2018-12-05,14.53997802734375,16.077442169189453,7.2020955085754395,7.758934497833252,32.0418815612793
2018-12-06,14.628995895385742,16.252471923828125,7.208515167236328,7.46448278427124,31.73845672607422
2018-12-07,14.516898155212402,16.175628662109375,7.339074611663818,7.5191240310668945,31.125532150268555
2018-12-10,14.091578483581543,15.863991737365723,7.172130584716797,7.115391731262207,30.464059829711914
2018-12-11,14.174005508422852,16.047565460205078,7.080098628997803,7.069859027862549,30.706806182861328
2018-12-12,14.21225357055664,16.15428352355957,7.095080852508545,7.072893142700195,30.567228317260742
2018-12-13,14.575992584228516,16.581199645996094,7.152868747711182,7.091108322143555,30.706806182861328
2018-12-14,14.582608222961426,16.39335823059082,7.133605003356934,6.997003555297852,30.876724243164062
2018-12-17,14.450334548950195,16.073179244995117,7.013748645782471,6.9423627853393555,31.10124969482422
2018-12-18,14.48340892791748,16.372011184692383,7.1057820320129395,6.6782684326171875,31.216567993164062
2018-12-19,14.48340892791748,16.13720703125,7.020169734954834,6.7541584968566895,30.34876251220703
2018-12-20,14.575992584228516,16.222593307495117,6.853227138519287,6.523454189300537,30.227388381958008
2018-12-21,14.579294204711914,16.09878921508789,6.915295600891113,6.5416669845581055,30.864578247070312
2018-12-26,14.675192832946777,15.933443069458008,6.981644153594971,6.807488441467285,30.60970687866211
2018-12-27,14.919892311096191,16.30347442626953,6.955960750579834,6.804348945617676,30.039260864257812
2018-12-28,15.372908592224121,16.82590103149414,7.1614298820495605,7.121485710144043,30.949542999267578
2019-01-02,16.070629119873047,17.58338737487793,7.64085578918457,7.554803371429443,31.004159927368164
2019-01-03,16.136762619018555,17.76152229309082,7.756432056427002,7.740063190460205,29.735836029052734
2019-01-04,16.136762619018555,17.622140884399414,7.711485385894775,7.762042999267578,31.67169952392578
2019-01-07,16.030946731567383,17.831193923950195,7.598049640655518,7.884501934051514,31.50178337097168
2019-01-08,15.849078178405762,17.940088272094727,7.681521415710449,7.837404727935791,31.805212020874023
2019-01-09,15.806086540222168,18.249319076538086,8.308627128601074,8.000680923461914,32.58198165893555
2019-01-10,16.037559509277344,18.192699432373047,8.505535125732422,7.9316020011901855,32.223934173583984
2019-01-11,16.103696823120117,18.075101852416992,8.336451530456543,7.846822261810303,31.787006378173828
2019-01-14,16.47735595703125,18.28852081298828,8.389958381652832,7.802863121032715,31.920507431030273
2019-01-15,16.285560607910156,18.25368309020996,8.47771167755127,7.7965826988220215,31.7687931060791
2019-01-16,16.130149841308594,18.340787887573242,8.892927169799805,7.793442726135254,31.950857162475586
2019-01-17,16.189666748046875,18.40176773071289,9.027765274047852,7.900203704833984,32.90967559814453
2019-01-18,16.05409049987793,18.58905029296875,9.027765274047852,7.97556209564209,33.23131561279297
2019-01-21,15.968120574951172,18.375625610351562,8.755949020385742,8.01638126373291,33.546878814697266
2019-01-22,15.938358306884766,18.292877197265625,8.74738883972168,7.89078426361084,33.425506591796875
2019-01-23,16.26902961730957,18.606470108032227,9.10695743560791,7.984981536865234,33.77140808105469
2019-01-24,16.186363220214844,18.79375648498535,9.297444343566895,8.01952075958252,34.0748405456543
2019-01-28,15.97804069519043,18.94618797302246,9.314566612243652,7.777741432189941,25.70632553100586
2019-01-29,16.510412216186523,18.70228385925293,9.464385986328125,7.966141223907471,25.936933517456055
2019-01-30,16.725358963012695,18.658740997314453,9.62062931060791,8.044642448425293,28.27938461303711
2019-01-31,17.14861488342285,19.712753295898438,9.500772476196289,8.032081604003906,27.611846923828125
2019-02-01,17.231287002563477,19.468849182128906,9.49221134185791,8.101160049438477,28.066984176635742
2019-02-04,17.558645248413086,19.899768829345703,9.524314880371094,8.173379898071289,27.114227294921875
2019-02-05,18.07118797302246,19.908496856689453,9.631330490112305,8.189080238342285,27.017133712768555
2019-02-06,16.970050811767578,18.971664428710938,9.265339851379395,8.003819465637207,25.767013549804688
2019-02-07,17.082477569580078,19.259246826171875,9.181870460510254,7.878221035003662,25.23905372619629
2019-02-08,17.105628967285156,19.46405029296875,9.228954315185547,7.89078426361084,26.191808700561523
2019-02-11,16.599706649780273,19.350749969482422,9.177587509155273,7.799722671508789,25.500003814697266
2019-02-12,17.621477127075195,19.738554000854492,9.104817390441895,8.076042175292969,26.883625030517578
2019-02-13,17.221363067626953,19.433547973632812,9.102678298950195,8.179662704467773,27.605785369873047
2019-02-14,18.100950241088867,20.174283981323242,9.13906192779541,8.462259292602539,27.708951950073242
2019-02-15,18.124101638793945,20.043563842773438,9.181870460510254,8.427719116210938,27.842453002929688
2019-02-18,17.94553565979004,19.586042404174805,9.032049179077148,8.402602195739746,27.46013641357422
2019-02-19,18.021591186523438,19.75163459777832,9.314566612243652,8.597277641296387,27.605785369873047
2019-02-20,17.51235008239746,19.424823760986328,9.573541641235352,8.490519523620605,27.793899536132812
2019-02-21,17.591716766357422,19.594758987426758,9.477229118347168,8.603559494018555,27.539031982421875
2019-02-22,17.752851486206055,19.433547973632812,9.648453712463379,8.518779754638672,28.51605987548828
2019-02-25,17.46193504333496,19.237464904785156,9.438704490661621,8.383761405944824,28.59494972229004
2019-02-26,17.555557250976562,19.581701278686523,9.663434982299805,8.346078872680664,28.643505096435547
2019-02-27,17.35492706298828,19.363832473754883,9.524314880371094,8.503079414367676,28.41896629333496
2019-02-28,16.920223236083984,18.85403060913086,9.3530912399292,8.496798515319824,28.582813262939453
2019-03-01,17.157638549804688,18.540298461914062,9.130501747131348,8.383761405944824,28.36434555053711
2019-03-06,16.930252075195312,18.400358200073242,8.865103721618652,8.402602195739746,29.159324645996094
2019-03-07,17.26041603088379,18.5311279296875,8.8672456741333,8.405738830566406,29.6508846282959
2019-03-08,17.866222381591797,18.7883243560791,9.002084732055664,8.374338150024414,29.644805908203125
2019-03-11,18.413848876953125,19.551193237304688,9.391617774963379,8.713459014892578,30.269868850708008
2019-03-12,18.309534072875977,19.607860565185547,9.383056640625,8.63495922088623,30.324487686157227
2019-03-13,18.59101104736328,19.795312881469727,9.417302131652832,8.823356628417969,30.767488479614258
2019-03-14,18.450271606445312,19.83890151977539,9.3530912399292,8.851618766784668,30.773557662963867
2019-03-15,18.608169555664062,19.921730041503906,9.477229118347168,8.870454788208008,30.67645835876465
2019-03-18,18.467445373535156,20.02634048461914,9.631330490112305,9.02431583404541,30.621843338012695
2019-03-19,18.072690963745117,19.594776153564453,9.8004150390625,9.168758392333984,31.49571418762207
2019-03-20,17.667648315429688,19.062959671020508,9.830378532409668,9.096536636352539,30.682531356811523
2019-03-21,17.296916961669922,18.644472122192383,9.939531326293945,8.967796325683594,30.88278579711914
2019-03-22,16.356393814086914,17.986225128173828,9.6719970703125,8.477959632873535,30.37303352355957
2019-03-25,16.47309112548828,18.02545928955078,9.306004524230957,8.58471965789795,30.069602966308594
2019-03-26,16.860979080200195,18.143165588378906,9.36379337310791,8.989776611328125,30.512605667114258
2019-03-27,15.927313804626465,17.515430450439453,9.019206047058105,8.58471965789795,30.09994888305664
2019-03-28,16.483394622802734,18.40471076965332,9.021347045898438,8.810799598693848,29.917888641357422
2019-03-29,16.723676681518555,18.71858024597168,9.1283597946167,8.810799598693848,30.907066345214844
2019-04-01,16.888439178466797,18.868528366088867,9.333830833435059,8.791958808898926,31.920507431030273
2019-04-02,16.7408390045166,18.62723731994629,9.209691047668457,8.88301944732666,31.331867218017578
2019-04-03,16.562341690063477,18.417896270751953,9.44084358215332,8.647520065307617,31.422883987426758
2019-04-04,16.761436462402344,18.89417839050293,9.404459953308105,8.939537048339844,31.653501510620117
2019-04-05,16.857545852661133,19.051177978515625,9.84536075592041,9.036879539489746,31.544261932373047
2019-04-08,16.8850040435791,19.077341079711914,9.905287742614746,9.184456825256348,32.39992904663086
2019-04-09,16.6309871673584,19.004074096679688,9.631330490112305,9.156195640563965,31.7687931060791
2019-04-10,16.75457191467285,18.731908798217773,9.909567832946777,9.036879539489746,31.4107608795166
2019-04-11,16.596670150756836,18.433584213256836,9.631330490112305,8.791958808898926,31.42896270751953
2019-04-12,16.04058265686035,18.266109466552734,9.425862312316895,8.110581398010254,31.24083709716797
2019-04-15,16.0852108001709,18.22423553466797,9.624909400939941,8.14198112487793,31.149812698364258
2019-04-16,16.418174743652344,18.192838668823242,9.8346586227417,8.390039443969727,32.223934173583984
2019-04-17,16.201915740966797,17.941608428955078,9.599225997924805,8.399459838867188,31.708110809326172
2019-04-18,16.768295288085938,18.187597274780273,9.930971145629883,8.666357040405273,31.908376693725586
2019-04-22,16.59323501586914,18.33938217163086,9.952375411987305,8.616117477416992,31.13159942626953
2019-04-23,16.926197052001953,18.784259796142578,10.12787914276123,8.691476821899414,31.507843017578125
2019-04-24,16.58293342590332,18.658647537231445,9.97377872467041,8.666357040405273,30.561153411865234
2019-04-25,16.854108810424805,18.878461837768555,9.836797714233398,8.729159355163574,30.542951583862305
2019-04-26,16.939929962158203,18.820892333984375,9.753327369689941,8.562464714050293,30.59756851196289
2019-04-29,16.946796417236328,18.574901580810547,9.892447471618652,8.600171089172363,30.494403839111328
2019-04-30,17.05320930480957,18.62200355529785,10.031564712524414,8.518473625183105,30.403377532958984
2019-05-02,17.09096336364746,18.63247299194336,10.003742218017578,8.399068832397461,29.69942283630371
2019-05-03,17.190513610839844,18.830928802490234,9.883402824401855,8.436776161193848,30.585432052612305
2019-05-06,16.946796417236328,18.322978973388672,9.811227798461914,8.411637306213379,30.13636016845703
2019-05-07,16.98798370361328,18.2077693939209,9.745617866516113,8.279666900634766,30.1606388092041
2019-05-08,17.365571975708008,18.584806442260742,9.900899887084961,8.600171089172363,29.735836029052734
2019-05-09,17.5166072845459,18.260143280029297,9.677817344665527,8.430493354797363,29.456684112548828
2019-05-10,17.217966079711914,18.097801208496094,9.78935718536377,8.383358001708984,30.014989852905273
2019-05-13,16.603532791137695,17.647451400756836,9.730307579040527,8.138267517089844,28.783077239990234
2019-05-14,16.442197799682617,17.595088958740234,9.666881561279297,8.169690132141113,28.880170822143555
2019-05-15,16.171022415161133,17.40656089782715,9.579399108886719,8.131983757019043,29.098636627197266
2019-05-16,15.666433334350586,17.20233917236328,9.535656929016113,7.940309047698975,28.15801429748535
2019-05-17,15.395252227783203,17.3332576751709,9.244775772094727,7.754920959472656,28.959064483642578
2019-05-20,15.985658645629883,17.804550170898438,9.699688911437988,8.018864631652832,28.370418548583984
2019-05-21,16.89874267578125,18.53767967224121,9.896525382995605,8.323657035827637,28.770938873291016
2019-05-22,16.90041160583496,18.2077693939209,10.032123565673828,8.292115211486816,28.80127716064453
2019-05-23,16.9281063079834,18.118755340576172,10.027749061584473,8.15018081665039,29.019742965698242
2019-05-24,17.177349090576172,17.940704345703125,9.73249340057373,8.229033470153809,29.317108154296875
2019-05-27,17.51314926147461,18.197296142578125,9.857157707214355,8.276346206665039,30.45799446105957
2019-05-28,17.741626739501953,18.70001983642578,10.049620628356934,8.452974319458008,30.494403839111328
2019-05-29,17.72431755065918,19.071821212768555,10.148039817810059,8.358351707458496,30.1606388092041
2019-05-30,17.983949661254883,19.422670364379883,10.215839385986328,8.24795913696289,30.34876251220703
2019-05-31,17.949329376220703,19.37554359436035,10.309883117675781,8.058711051940918,29.735836029052734
2019-06-03,18.032411575317383,19.31269645690918,10.386429786682129,8.197492599487305,29.632671356201172
2019-06-04,18.3266658782959,19.41171646118164,10.557022094726562,8.263728141784668,29.80259132385254
2019-06-05,17.821245193481445,19.11307144165039,10.268327713012695,8.156489372253418,29.365657806396484
2019-06-06,18.27474594116211,19.532222747802734,10.44766902923584,8.288961410522461,29.614463806152344
2019-06-07,18.125885009765625,19.537464141845703,10.349249839782715,8.440357208251953,29.529504776000977
2019-06-10,17.956249237060547,19.306930541992188,10.281450271606445,8.405664443969727,29.335309982299805
2019-06-11,18.31281280517578,19.39599609375,10.716679573059082,8.566518783569336,31.210491180419922
2019-06-12,18.149948120117188,19.17070770263672,10.535151481628418,8.468745231628418,31.246898651123047
2019-06-13,17.861690521240234,18.961132049560547,10.629195213317871,8.572829246520996,31.465368270874023
2019-06-14,17.545652389526367,18.9296875,10.34050178527832,8.534978866577148,31.192289352416992
2019-06-17,17.528289794921875,18.882543563842773,10.082427978515625,8.550753593444824,30.464059829711914
2019-06-18,17.9381046295166,19.044960021972656,10.213651657104492,8.657990455627441,31.556400299072266
2019-06-19,18.233304977416992,19.280731201171875,10.213651657104492,8.680068969726562,31.73845672607422
2019-06-21,18.375696182250977,19.715593338012695,10.108672142028809,8.919781684875488,31.823410034179688
2019-06-24,18.42084312438965,19.872777938842773,10.156787872314453,8.910319328308105,31.79913902282715
2019-06-25,18.250673294067383,19.705114364624023,9.879027366638184,8.676915168762207,31.18014907836914
2019-06-26,18.64659309387207,19.951358795166016,10.148039817810059,8.727380752563477,31.3015193939209
2019-06-27,18.684797286987305,19.85704803466797,10.104297637939453,8.588601112365723,31.374345779418945
2019-06-28,18.733415603637695,19.773225784301758,10.093361854553223,8.64537525177002,31.447162628173828
2019-07-01,18.71258544921875,19.815244674682617,10.43235969543457,8.598062515258789,32.557708740234375
2019-07-02,18.472938537597656,19.87792205810547,10.294573783874512,8.459283828735352,31.18621063232422
2019-07-03,18.858449935913086,20.23090362548828,10.425796508789062,8.572829246520996,31.125532150268555
2019-07-04,19.164077758789062,20.583885192871094,10.600764274597168,8.639067649841309,31.356136322021484
2019-07-05,19.101558685302734,20.763019561767578,10.670750617980957,8.642221450805664,30.561153411865234
2019-07-08,19.084197998046875,20.668188095092773,10.683873176574707,8.721073150634766,30.91920280456543
2019-07-10,18.844554901123047,20.573360443115234,11.125661849975586,8.853544235229492,31.635292053222656
2019-07-11,18.476417541503906,20.399497985839844,10.902581214904785,8.95763111114502,31.58673858642578
2019-07-12,18.059654235839844,20.020166397094727,10.863212585449219,8.99863338470459,31.44109344482422
2019-07-15,17.951988220214844,19.935871124267578,11.05786418914795,8.888237953186035,31.97513198852539
2019-07-16,17.979778289794922,19.941144943237305,10.889458656311035,8.777847290039062,32.19359588623047
2019-07-17,17.98324966430664,19.83577537536621,10.84790325164795,8.730535507202148,31.97513198852539
2019-07-18,18.288877487182617,20.26779556274414,10.996625900268555,8.676915168762207,31.914445877075195
2019-07-19,18.059654235839844,19.809436798095703,10.826033592224121,8.65483570098877,31.993330001831055
2019-07-22,18.06313133239746,20.083396911621094,10.957258224487305,8.670608520507812,31.82948112487793
2019-07-23,17.851272583007812,20.151880264282227,10.84352970123291,8.680068969726562,31.4107608795166
2019-07-24,18.174264907836914,20.531211853027344,11.051301956176758,8.626450538635254,30.737146377563477
2019-07-25,17.40672492980957,19.335268020629883,10.91132926940918,8.481362342834473,30.640050888061523
2019-07-26,17.36505699157715,19.0876522064209,10.928825378417969,8.244805335998535,30.48226547241211
2019-07-29,17.521337509155273,19.04549789428711,10.7822904586792,8.320502281188965,30.500473022460938
2019-07-30,17.344215393066406,18.650371551513672,11.171590805053711,8.276346206665039,30.34876251220703
2019-07-31,17.09415626525879,18.176206588745117,11.127849578857422,8.22588062286377,30.227388381958008
2019-08-01,16.930925369262695,18.018152236938477,11.27875804901123,8.279500007629395,29.37172508239746
2019-08-02,16.934398651123047,18.07032012939453,11.178153038024902,8.36466121673584,29.031888961791992
2019-08-05,16.61835479736328,17.74349594116211,10.821659088134766,8.058711051940918,27.915273666381836
2019-08-06,16.84410285949707,18.01235008239746,10.823845863342285,8.162797927856445,28.291522979736328
2019-08-07,16.826736450195312,18.391876220703125,11.219706535339355,8.074482917785645,28.206565856933594
2019-08-08,16.948293685913086,18.481494903564453,11.552143096923828,8.311041831970215,28.631362915039062
2019-08-09,16.896198272705078,18.175758361816406,11.663683891296387,8.288961410522461,27.605785369873047
2019-08-12,16.323150634765625,17.796207427978516,11.396860122680664,8.090253829956055,27.405517578125
2019-08-13,16.514163970947266,17.975435256958008,11.241578102111816,8.198335647583008,28.21870231628418
2019-08-14,15.93764591217041,17.62225914001465,10.629195213317871,7.9217729568481445,27.2356014251709
2019-08-15,15.923752784729004,17.501018524169922,10.616074562072754,7.702429294586182,26.634815216064453
2019-08-16,15.882076263427734,17.537918090820312,10.845718383789062,7.600705623626709,26.513439178466797
2019-08-19,15.569511413574219,17.284883499145508,10.84790325164795,7.638854026794434,26.489171981811523
2019-08-20,15.555619239807129,17.116201400756836,10.659814834594727,7.6356730461120605,26.604469299316406
2019-08-21,16.444704055786133,17.453577041625977,10.80416202545166,8.090253829956055,26.792598724365234
2019-08-22,16.355709075927734,17.226903915405273,10.749485969543457,8.017139434814453,26.634815216064453
2019-08-23,15.759681701660156,16.852636337280273,10.495783805847168,7.718323707580566,26.264633178710938
2019-08-26,15.686046600341797,16.67867660522461,10.399552345275879,7.616601943969727,25.973339080810547
2019-08-27,15.559834480285645,16.88953399658203,10.320817947387695,7.73739767074585,26.288908004760742
2019-08-28,15.4301118850708,16.789379119873047,10.716679573059082,7.816870212554932,26.38599967956543
2019-08-29,15.805256843566895,17.105653762817383,10.84790325164795,8.10615062713623,27.36910629272461
2019-08-30,16.211959838867188,17.369232177734375,10.933199882507324,8.10615062713623,27.654325485229492
2019-09-02,16.005102157592773,17.189998626708984,10.867587089538574,8.042571067810059,27.921342849731445
2019-09-03,15.707088470458984,16.909915924072266,10.836968421936035,8.137935638427734,27.62398338317871
2019-09-04,16.078733444213867,17.12088966369629,11.079734802246094,8.347744941711426,28.2308406829834
2019-09-05,16.63969612121582,17.51647186279297,11.204397201538086,8.389068603515625,28.2308406829834
2019-09-06,17.316364288330078,18.249624252319336,11.309375762939453,8.430395126342773,28.1883602142334
2019-09-09,17.53023338317871,18.48170280456543,11.477782249450684,8.56072998046875,29.06222915649414
2019-09-10,17.235721588134766,18.154691696166992,11.558703422546387,8.614768981933594,29.274627685546875
2019-09-11,16.825517654418945,18.07557487487793,11.753355026245117,8.541655540466309,29.098636627197266
2019-09-12,16.911115646362305,17.88041114807129,11.987371444702148,8.602052688598633,30.154565811157227
2019-09-13,16.608123779296875,17.648340225219727,11.930506706237793,8.54483413696289,30.215253829956055
2019-09-16,16.435483932495117,17.416259765625,11.934882164001465,8.919941902160645,29.48702621459961
2019-09-17,16.66449737548828,17.88041114807129,11.783973693847656,8.802323341369629,29.675151824951172
2019-09-18,16.918161392211914,17.933155059814453,11.707423210144043,8.652915000915527,29.37172508239746
2019-09-19,16.477773666381836,17.716917037963867,11.81021785736084,8.675168991088867,29.323171615600586
2019-09-20,16.738473892211914,18.028099060058594,11.849583625793457,8.58298110961914,29.38385581970215
2019-09-23,16.657445907592773,18.065013885498047,11.549955368041992,8.735567092895508,29.189661026000977
2019-09-24,16.150117874145508,17.832948684692383,11.687740325927734,8.66880989074707,28.479646682739258
2019-09-25,16.044424057006836,17.94898223876953,11.867081642150879,8.691062927246094,29.044023513793945
2019-09-26,16.104310989379883,18.20743751525879,12.024551391601562,8.805502891540527,29.044023513793945
2019-09-27,15.973954200744629,18.196882247924805,11.707423210144043,8.792787551879883,28.92264747619629
2019-09-30,16.02680206298828,17.89096450805664,11.635251998901367,8.757818222045898,28.97726821899414
2019-10-01,15.836552619934082,17.648340225219727,11.724922180175781,8.74510383605957,28.952993392944336
2019-10-02,15.29750919342041,16.96700096130371,11.525897979736328,8.493969917297363,27.36910629272461
2019-10-03,15.956340789794922,17.014501571655273,11.61337947845459,8.50032901763916,27.575435638427734
2019-10-04,16.0655574798584,17.18866539001465,11.724922180175781,8.427215576171875,28.273319244384766
2019-10-07,15.431391716003418,17.07783317565918,11.261261940002441,8.319131851196289,27.939550399780273
2019-10-08,15.15306282043457,17.061992645263672,11.508400917053223,8.27145004272461,27.502609252929688
2019-10-09,15.572318077087402,17.547531127929688,11.77085018157959,8.430395126342773,27.715007781982422
2019-10-10,15.642779350280762,17.748069763183594,11.921757698059082,8.50032901763916,28.667774200439453
2019-10-11,15.935201644897461,17.94862174987793,12.17764663696289,8.665632247924805,29.517364501953125
2019-10-14,15.854166030883789,18.201929092407227,12.278253555297852,8.681527137756348,29.12291145324707
2019-10-15,15.635736465454102,18.349700927734375,12.356986999511719,8.773713111877441,29.074359893798828
2019-10-16,15.854166030883789,18.78773307800293,12.586630821228027,8.878617286682129,28.400758743286133
2019-10-17,15.822460174560547,18.471088409423828,12.400729179382324,8.792787551879883,28.346141815185547
2019-10-18,16.22762680053711,18.380523681640625,12.416038513183594,8.773713111877441,27.9334774017334
2019-10-21,16.347412109375,18.511066436767578,12.488211631774902,8.827753067016602,28.64957046508789
2019-10-22,16.69972038269043,19.038721084594727,12.612874984741211,9.08206558227539,28.70418930053711
2019-10-23,16.77018928527832,19.201908111572266,12.531952857971191,9.202863693237305,28.588884353637695
2019-10-24,16.66449737548828,19.180147171020508,12.3810453414917,9.002591133117676,28.370418548583984
2019-10-25,16.815990447998047,19.43037223815918,12.514457702636719,9.29822826385498,29.468826293945312
2019-10-28,17.18944549560547,20.1320858001709,12.494772911071777,9.409490585327148,29.55377960205078
2019-10-29,17.143644332885742,19.854665756225586,12.400729179382324,9.479423522949219,29.523441314697266
2019-10-30,17.41139793395996,19.947139739990234,12.857829093933105,9.5620756149292,29.48702621459961
2019-10-31,16.963964462280273,19.13119125366211,12.639121055603027,9.66062068939209,28.643505096435547
2019-11-01,16.89702606201172,18.968008041381836,12.870949745178223,9.67333698272705,29.3959903717041
2019-11-04,16.80189323425293,18.989212036132812,13.122464179992676,9.65108585357666,30.233463287353516
2019-11-05,16.9075984954834,19.24500846862793,13.013110160827637,9.425383567810059,30.2637996673584
2019-11-06,16.79484748840332,19.1416072845459,12.919065475463867,9.4444580078125,30.154565811157227
2019-11-07,16.79484748840332,19.19059181213379,13.091845512390137,9.822744369506836,30.409442901611328
2019-11-08,16.558799743652344,18.635446548461914,12.991239547729492,9.543004035949707,29.845069885253906
2019-11-11,16.643356323242188,18.591901779174805,13.25150203704834,9.679696083068848,29.207874298095703
2019-11-12,16.460145950317383,18.41773223876953,12.597566604614258,9.606388092041016,29.068302154541016
2019-11-13,16.18886947631836,18.22725486755371,12.903757095336914,9.567991256713867,28.59494972229004
2019-11-14,16.386167526245117,18.151052474975586,13.297430038452148,9.375992774963379,28.52212905883789
2019-11-18,16.39320945739746,18.03131866455078,13.494268417358398,9.305590629577637,28.892311096191406
2019-11-19,16.13249969482422,17.9986629486084,13.19901180267334,9.20959186553955,29.23214340209961
2019-11-21,16.34036636352539,18.102069854736328,13.540196418762207,9.55199146270752,29.38385581970215
2019-11-22,16.601375579833984,18.401416778564453,13.758903503417969,9.593589782714844,30.360891342163086
2019-11-25,16.548118591308594,18.308902740478516,13.669234275817871,9.513589859008789,30.864578247070312
2019-11-26,16.335054397583008,17.917020797729492,13.463648796081543,9.340791702270508,31.08304786682129
2019-11-27,16.81090545654297,18.216365814208984,13.465834617614746,9.385590553283691,30.694673538208008
2019-11-28,16.903228759765625,18.074857711791992,13.627678871154785,9.449591636657715,30.567228317260742
2019-11-29,16.977802276611328,18.161937713623047,13.581750869750977,9.327991485595703,30.330551147460938
2019-12-02,16.842863082885742,18.281681060791016,14.106649398803711,9.302391052246094,31.155874252319336
2019-12-03,17.183761596679688,18.346466064453125,13.88794231414795,9.273591041564941,30.59756851196289
2019-12-04,17.43234634399414,18.820234298706055,14.237874031066895,9.491192817687988,30.90099334716797
2019-12-05,17.283199310302734,18.89647674560547,14.358162879943848,9.61599063873291,30.91920280456543
2019-12-06,17.21217918395996,18.68410301208496,14.552812576293945,9.711991310119629,31.161943435668945
2019-12-09,17.265438079833984,18.842021942138672,14.404090881347656,9.667191505432129,31.216567993164062
2019-12-10,17.016862869262695,18.776676177978516,14.509071350097656,9.740790367126465,31.0709171295166
2019-12-11,16.99200439453125,18.66775894165039,14.98366928100586,9.727991104125977,31.453237533569336
2019-12-12,17.43260383605957,18.91826057434082,15.079896926879883,9.91038990020752,32.132911682128906
2019-12-13,17.297170639038086,19.36168098449707,15.156445503234863,9.593589782714844,32.62445831298828
2019-12-16,17.061925888061523,19.02230453491211,15.163008689880371,9.411192893981934,32.36958312988281
2019-12-17,17.446866989135742,19.37281608581543,14.959610939025879,9.55199146270752,32.41813278198242
2019-12-18,18.049217224121094,19.912498474121094,15.117079734802246,9.772790908813477,32.4484748840332
2019-12-19,18.23455047607422,20.279693603515625,14.953048706054688,9.79518985748291,32.770111083984375
2019-12-20,18.198909759521484,20.16315460205078,15.22424602508545,9.683189392089844,33.249515533447266
2019-12-23,18.747800827026367,20.287445068359375,15.134576797485352,9.759991645812988,33.1220817565918
2019-12-26,18.961658477783203,20.541671752929688,15.106143951416016,9.891188621520996,33.249515533447266
2019-12-27,18.879680633544922,20.462583541870117,15.31610107421875,9.901554107666016,33.389286041259766
2019-12-30,18.826217651367188,20.43433380126953,15.215497970581055,9.791247367858887,33.2024040222168
2020-01-02,19.175512313842773,21.191370010375977,15.683531761169434,9.959949493408203,33.844024658203125
2020-01-03,19.143436431884766,21.20209312438965,15.987534523010254,9.87884521484375,33.5948600769043
2020-01-06,18.890377044677734,20.823379516601562,15.893489837646484,9.995636940002441,33.39551544189453
2020-01-07,18.747800827026367,20.461637496948242,16.18000030517578,9.956705093383789,33.638458251953125
2020-01-08,18.57671546936035,20.145099639892578,15.91317367553711,9.895066261291504,33.644691467285156
2020-01-09,18.198909759521484,19.82291603088379,15.742583274841309,9.862622261047363,33.2024040222168
2020-01-10,17.77120018005371,19.461166381835938,15.976600646972656,9.820446014404297,33.239776611328125
2020-01-13,17.970802307128906,19.670297622680664,16.385583877563477,9.839911460876465,34.448272705078125
2020-01-14,17.874570846557617,19.647687911987305,16.908294677734375,9.7328519821167,34.660072326660156
2020-01-15,17.54665756225586,19.302894592285156,16.630538940429688,9.586857795715332,34.54794692993164
2020-01-16,17.625072479248047,19.579862594604492,16.88423728942871,9.577125549316406,34.36729049682617
2020-01-17,17.863874435424805,20.037708282470703,17.0592041015625,9.684186935424805,35.507259368896484
2020-01-20,17.749818801879883,19.647687911987305,17.400386810302734,9.7328519821167,35.73151779174805
2020-01-21,17.236574172973633,18.992013931274414,17.074512481689453,9.609567642211914,34.903018951416016
2020-01-22,17.37201499938965,19.05983543395996,17.5819149017334,9.502506256103516,35.07120895385742
2020-01-23,18.348609924316406,19.56290054321289,17.651899337768555,9.61929988861084,34.57286071777344
2020-01-24,18.106243133544922,19.41594123840332,17.62128257751465,9.50575065612793,33.51386642456055
2020-01-27,17.928028106689453,18.96940040588379,17.236356735229492,9.093727111816406,31.464412689208984
2020-01-28,18.074159622192383,18.992013931274414,17.57316780090332,9.343537330627441,31.894245147705078
2020-01-29,17.628639221191406,18.72069549560547,17.494430541992188,9.359758377075195,31.61391830444336
2020-01-30,17.749818801879883,18.907228469848633,17.645341873168945,9.388955116271973,32.08112335205078
2020-01-31,17.300731658935547,18.590694427490234,17.431005477905273,9.229988098144531,31.314908981323242
2020-02-03,17.38627052307129,18.709396362304688,17.98652458190918,9.142391204833984,31.713590621948242
2020-02-04,17.19736671447754,18.720125198364258,17.802810668945312,9.288382530212402,32.56078338623047
2020-02-05,17.96367645263672,19.082080841064453,17.999649047851562,9.21052074432373,33.009300231933594
2020-02-06,17.66071319580078,18.861515045166016,17.70657730102539,9.466817855834961,33.189937591552734
2020-02-07,17.67853355407715,19.076433181762695,17.256040573120117,9.385713577270508,32.45487976074219
2020-02-10,17.503889083862305,19.28003692626953,17.256040573120117,9.450596809387207,31.26508331298828
2020-02-11,18.291580200195312,19.44969367980957,18.305835723876953,9.56414794921875,32.42374038696289
2020-02-12,18.39851188659668,19.189544677734375,18.415189743041992,9.775025367736816,33.05912780761719
2020-02-13,18.113374710083008,18.821928024291992,18.211790084838867,9.642009735107422,32.479801177978516
2020-02-14,17.767641067504883,18.397754669189453,18.087127685546875,9.544681549072266,31.769655227661133
2020-02-17,17.50032615661621,18.24505043029785,17.72844886779785,9.525217056274414,33.27092361450195
2020-02-18,17.667842864990234,18.173673629760742,17.396015167236328,9.651741981506348,32.89093780517578
2020-02-19,17.710613250732422,18.434350967407227,17.737197875976562,9.911286354064941,32.897159576416016
2020-02-20,17.528841018676758,18.167999267578125,17.46818733215332,9.70689582824707,32.51717758178711
2020-02-21,17.543092727661133,18.02633285522461,17.409135818481445,9.453841209411621,31.22770118713379
2020-02-26,16.266008377075195,17.057289123535156,16.4840030670166,8.503267288208008,28.250078201293945
2020-02-27,16.467403411865234,16.98362159729004,15.786323547363281,8.208037376403809,27.70189094543457
2020-02-28,16.852203369140625,17.300973892211914,16.002843856811523,8.221014022827148,27.602224349975586
2020-03-02,16.956499099731445,17.533306121826172,16.52336883544922,8.607085227966309,28.879240036010742
2020-03-03,16.460208892822266,17.07909393310547,16.6152286529541,8.451356887817383,28.87300682067871
2020-03-04,16.478195190429688,17.2662296295166,16.85361671447754,8.723876953125,30.25592613220215
2020-03-05,15.50360107421875,16.699186325073242,15.744770050048828,8.204792976379395,29.184478759765625
2020-03-06,15.21229362487793,16.222869873046875,15.169567108154297,7.406699180603027,27.78910255432129
2020-03-09,13.532833099365234,15.054780960083008,13.77858829498291,5.207075119018555,23.565610885620117
2020-03-10,14.244895935058594,15.417685508728027,14.712467193603516,5.696960926055908,27.913692474365234
2020-03-11,13.014967918395996,14.170214653015137,13.013110160827637,5.142189979553223,25.37835121154785
2020-03-12,11.295022964477539,12.270642280578613,10.613886833190918,4.087796688079834,22.02073097229004
2020-03-13,13.188970565795898,14.340322494506836,12.127344131469727,4.99619722366333,26.723886489868164
2020-03-16,10.987796783447266,12.293326377868652,10.769168853759766,4.246767044067383,24.319360733032227
2020-03-17,11.519116401672363,13.2799654006958,11.383736610412598,4.217568874359131,25.858007431030273
2020-03-18,9.617938041687012,11.73196029663086,10.060556411743164,3.662796974182129,24.076414108276367
2020-03-19,9.242039680480957,11.765978813171387,10.301135063171387,3.961271047592163,22.67481231689453
2020-03-20,8.891439437866211,10.909758567810059,11.0447416305542,3.8931398391723633,21.921064376831055
2020-03-23,7.998683452606201,10.019511222839355,10.71011734008789,3.730926275253296,21.242061614990234
2020-03-24,9.36854362487793,11.527824401855469,11.569639205932617,4.298676490783691,23.44725227355957
2020-03-25,10.492622375488281,12.389721870422363,12.466340065002441,4.645813941955566,25.446874618530273
2020-03-26,11.0203275680542,12.650555610656738,13.441777229309082,4.668524265289307,26.16324806213379
2020-03-27,10.207085609436035,11.82835578918457,12.168898582458496,4.314897060394287,24.97966766357422
2020-03-30,10.478167533874512,12.196927070617676,12.155776023864746,4.340850830078125,26.019968032836914
2020-03-31,10.080580711364746,11.777320861816406,11.757728576660156,4.538752555847168,26.92322540283203
2020-04-01,9.654080390930176,11.261319160461426,10.9135160446167,4.6393256187438965,27.016664505004883
2020-04-02,9.766127586364746,11.323171615600586,10.871960639953613,5.0318827629089355,26.649131774902344
2020-04-03,9.216737747192383,10.903164863586426,10.519842147827148,4.976731300354004,25.228845596313477
2020-04-06,10.06973934173584,11.936155319213867,11.178153038024902,5.116235256195068,26.867158889770508
2020-04-07,10.543225288391113,12.384540557861328,11.482156753540039,5.320624828338623,27.272069931030273
2020-04-08,10.74563217163086,12.713737487792969,11.659310340881348,5.619099140167236,27.1038761138916
2020-04-09,10.716720581054688,12.708064079284668,11.27875804901123,5.456885814666748,26.960601806640625
2020-04-13,10.929965019226074,13.037250518798828,11.722734451293945,5.492572784423828,27.76418685913086
2020-04-14,10.919123649597168,13.179715156555176,11.81021785736084,5.4276862144470215,27.739269256591797
2020-04-15,10.716720581054688,12.798876762390137,12.192955017089844,5.314135551452637,26.9045352935791
2020-04-16,10.409491539001465,12.467974662780762,12.400729179382324,5.100013732910156,26.636672973632812
2020-04-17,10.691415786743164,12.711466789245605,11.7008638381958,5.233029365539551,27.409120559692383
2020-04-20,10.478167533874512,12.299402236938477,12.3548002243042,5.174632549285889,26.449796676635742
2020-04-22,10.431178092956543,12.255698204040527,12.958433151245117,5.434176445007324,26.723886489868164
2020-04-23,10.138413429260254,12.080883979797363,12.971556663513184,5.49906063079834,27.1038761138916
2020-04-24,8.78300952911377,11.138139724731445,12.278253555297852,5.174632549285889,27.25960350036621
2020-04-27,9.285414695739746,11.462797164916992,12.930001258850098,5.336846351623535,27.75172996520996
2020-04-28,10.532380104064941,12.467974662780762,13.559880256652832,5.596388816833496,27.78910255432129
2020-04-29,10.684187889099121,12.886279106140137,13.524886131286621,5.904596328735352,29.10972785949707
2020-04-30,10.301060676574707,11.956016540527344,13.196825981140137,5.855932235717773,27.94483757019043
2020-05-04,10.033595085144043,11.425334930419922,13.019672393798828,5.638564586639404,27.36551284790039
2020-05-05,10.048049926757812,11.4371919631958,13.393662452697754,5.820244789123535,27.22223663330078
2020-05-06,9.755287170410156,11.199699401855469,13.19901180267334,5.606122016906738,27.614686965942383
2020-05-07,9.491433143615723,10.718461990356445,12.761595726013184,5.658031463623047,28.68613052368164
2020-05-08,9.7950439453125,11.199699401855469,13.62330436706543,5.995436191558838,30.43034553527832
2020-05-11,9.856486320495605,11.030951499938965,13.299617767333984,5.888375282287598,29.7326602935791
2020-05-12,9.509502410888672,10.687211036682129,13.006548881530762,5.885128498077393,29.56446075439453
2020-05-13,9.234809875488281,10.593465805053711,12.910317420959473,5.706694602966309,30.237239837646484
2020-05-14,9.63239574432373,11.174696922302246,12.919065475463867,5.645053386688232,29.9569149017334
2020-05-15,9.45167350769043,10.693461418151855,12.63037109375,5.5639472007751465,29.93199920654297
2020-05-18,9.903473854064941,11.255949974060059,13.365230560302734,6.014901638031006,31.931612014770508
2020-05-19,9.636008262634277,10.924704551696777,13.669234275817871,6.060319900512695,32.579471588134766
2020-05-20,9.878172874450684,11.037205696105957,13.868258476257324,6.261466026306152,32.70405578613281
2020-05-21,10.57575511932373,11.649682998657227,14.338479995727539,6.225780487060547,31.850637435913086
2020-05-22,10.304677963256836,11.718437194824219,13.77640151977539,6.057076930999756,31.314908981323242
2020-05-25,11.385381698608398,12.549665451049805,13.942618370056152,6.319864273071289,31.209014892578125
2020-05-26,11.128761291503906,12.005928993225098,13.971050262451172,6.381506443023682,30.64837074279785
2020-05-27,11.1685152053833,12.212172508239746,14.49376106262207,6.46585750579834,31.545400619506836
2020-05-28,11.128761291503906,11.937179565429688,14.255370140075684,6.413949012756348,31.202787399291992
2020-05-29,11.146832466125488,11.843432426452637,14.40190315246582,6.598872184753418,33.01552200317383
2020-06-01,11.493812561035156,12.374666213989258,14.935551643371582,6.595627784729004,33.27716064453125
2020-06-02,11.8624849319458,12.930792808532715,15.28767204284668,6.942766189575195,33.27716064453125
2020-06-03,12.560063362121582,13.506330490112305,15.7097806930542,6.965477466583252,33.426658630371094
2020-06-04,12.628739356994629,13.7002592086792,15.508245468139648,6.952500343322754,34.67253494262695
2020-06-05,12.722711563110352,13.95048999786377,15.461338996887207,7.169865608215332,34.01845169067383
2020-06-08,13.152827262878418,14.68242359161377,15.479209899902344,7.3093719482421875,34.12434768676758
2020-06-09,12.93596363067627,14.357122421264648,15.307218551635742,7.046584606170654,34.25516128540039
2020-06-10,12.364887237548828,13.687749862670898,14.797945976257324,6.942766189575195,33.7630500793457
2020-06-12,12.054047584533691,13.531353950500488,14.688495635986328,6.683225631713867,33.26469802856445
2020-06-15,11.952844619750977,13.231073379516602,14.925262451171875,6.715666770935059,33.56370544433594
2020-06-16,12.108264923095703,13.781580924987793,15.12182331085205,6.933033466339111,34.504337310791016
2020-06-17,12.469707489013672,14.000536918640137,15.595356941223145,6.955742835998535,35.008914947509766
2020-06-18,12.433562278747559,13.95048999786377,15.99294662475586,7.00765323638916,34.99022674560547
2020-06-19,12.267297744750977,13.98802661895752,15.756182670593262,6.965477466583252,34.36729049682617
2020-06-22,12.014286041259766,13.500069618225098,15.700340270996094,6.796774387359619,34.261390686035156
2020-06-23,12.119107246398926,13.481303215026855,15.358590126037598,7.0238728523254395,34.62892532348633
2020-06-24,11.645621299743652,13.043399810791016,15.3652925491333,6.8129963874816895,34.504337310791016
2020-06-25,11.931158065795898,13.35619068145752,15.671302795410156,6.965477466583252,34.88432693481445
2020-06-26,11.501041412353516,12.943303108215332,15.342954635620117,6.761086940765381,34.64760971069336
2020-06-29,12.086577415466309,13.393721580505371,15.675768852233887,7.0271196365356445,34.653846740722656
2020-06-30,11.620319366455078,12.949565887451172,15.841059684753418,6.99143123626709,34.83449172973633
2020-07-01,11.952844619750977,13.237323760986328,16.73898696899414,7.043339252471924,33.97484588623047
2020-07-02,11.985372543334961,13.280513763427734,16.53572654724121,7.156889915466309,34.566627502441406
2020-07-03,12.108264923095703,13.36817741394043,16.89087677001953,7.130934238433838,34.4233512878418
2020-07-06,12.531149864196777,14.182170867919922,17.149978637695312,7.302883625030518,35.23939895629883
2020-07-07,12.02874755859375,13.59359359741211,16.417341232299805,7.21204137802124,35.11480712890625
2020-07-08,12.321515083312988,14.056938171386719,16.80599594116211,7.348301887512207,35.706600189208984
2020-07-09,12.274526596069336,13.743864059448242,16.473182678222656,7.182843208312988,35.145957946777344
2020-07-10,12.33958625793457,13.944233894348145,16.618370056152344,7.302883625030518,35.48857879638672
2020-07-13,12.216696739196777,13.75011920928955,16.34586524963379,7.189332962036133,35.91217041015625
2020-07-14,12.415487289428711,13.981803894042969,16.642942428588867,7.429409503936768,38.435054779052734
2020-07-15,12.538378715515137,14.213473320007324,17.288467407226562,7.572157382965088,38.491119384765625
2020-07-16,12.433562278747559,13.9630126953125,17.3621768951416,7.371011257171631,37.450809478759766
2020-07-17,12.81668472290039,14.031895637512207,18.255640029907227,7.377500534057617,38.02391815185547
2020-07-20,12.76608657836914,14.163378715515137,18.93020248413086,7.377500534057617,37.87440872192383
2020-07-21,12.827531814575195,14.545328140258789,18.680030822753906,7.5818915367126465,37.18918991088867
2020-07-22,12.722711563110352,14.294865608215332,18.76714324951172,7.4780755043029785,36.90263366699219
2020-07-23,12.415487289428711,14.088238716125488,18.530378341674805,7.322493076324463,36.659690856933594
2020-07-24,12.270915985107422,14.175908088684082,18.414228439331055,7.3744049072265625,36.50395584106445
2020-07-27,12.61789608001709,14.827089309692383,18.5393123626709,7.526889801025391,38.229488372802734
2020-07-28,12.661266326904297,14.726912498474121,18.461132049560547,7.397114276885986,37.58786392211914
2020-07-29,12.993792533874512,15.190258026123047,18.773845672607422,7.517155170440674,39.21372604370117
2020-07-30,12.578133583068848,14.658040046691895,19.67847442626953,7.403603553771973,38.16719055175781
2020-07-31,12.137179374694824,14.050674438476562,20.19221305847168,7.202455520629883,37.8183479309082
2020-08-03,12.415487289428711,13.900397300720215,19.65837287902832,7.0726776123046875,37.538028717041016
2020-08-04,12.035979270935059,13.611485481262207,19.240676879882812,7.066190719604492,37.81211853027344
2020-08-05,12.046819686889648,13.674151420593262,19.636035919189453,7.520400524139404,38.74029541015625
2020-08-06,12.415487289428711,13.76815414428711,19.62486457824707,7.533377170562744,38.51603698730469
2020-08-07,12.32874584197998,13.686680793762207,19.455108642578125,7.393869876861572,37.65638732910156
2020-08-10,12.444404602050781,13.805753707885742,19.42830467224121,7.607995986938477,38.746524810791016
2020-08-11,12.26368236541748,13.692953109741211,18.76267433166504,7.487956523895264,37.55049133300781
2020-08-12,12.198626518249512,13.567614555358887,18.65099334716797,7.6177287101745605,38.31047058105469
2020-08-13,11.952844619750977,13.285609245300293,18.550479888916016,7.410090923309326,37.594085693359375
2020-08-14,11.99260425567627,13.304408073425293,18.494638442993164,7.354938983917236,38.2170295715332
2020-08-17,11.685378074645996,12.915870666503906,18.215435028076172,7.332228660583496,38.76521301269531
2020-08-18,11.844412803649902,13.05373764038086,19.02401351928711,7.468490123748779,39.282249450683594
2020-08-19,11.79019546508789,13.003609657287598,18.530378341674805,7.426313877105713,38.86487579345703
2020-08-20,11.801040649414062,12.97226619720459,18.72023582458496,7.3744049072265625,39.21372604370117
2020-08-21,11.909472465515137,12.97226619720459,18.619722366333008,7.319250106811523,38.746524810791016
2020-08-24,12.2545747756958,13.266803741455078,19.073156356811523,7.452266693115234,39.21995162963867
2020-08-25,12.18130111694336,13.266803741455078,18.905630111694336,7.419823169708252,38.38521957397461
2020-08-26,11.88821792602539,12.991072654724121,18.505807876586914,7.2089433670043945,38.4661979675293
2020-08-27,11.998126029968262,13.185343742370605,18.521442413330078,7.186232089996338,37.868186950683594
2020-08-28,12.23259162902832,13.454813003540039,19.198238372802734,7.31276273727417,38.06129455566406
2020-08-31,11.9614896774292,12.997334480285645,18.595151901245117,7.1018781661987305,37.176727294921875
2020-09-01,12.166646003723145,13.260540962219238,18.2467041015625,7.419823169708252,38.47242736816406
2020-09-02,12.18130111694336,13.247350692749023,17.670421600341797,7.397114276885986,38.198341369628906
2020-09-03,12.371806144714355,13.767970085144043,17.132108688354492,7.423068523406982,36.95246887207031
2020-09-04,12.437752723693848,13.780510902404785,17.17008399963379,7.436047077178955,37.68130874633789
2020-09-08,12.184964179992676,13.5609769821167,16.980222702026367,7.221919059753418,36.921321868896484
2020-09-09,12.170313835144043,13.523336410522461,17.491727828979492,7.3744049072265625,37.376068115234375
2020-09-10,11.917527198791504,13.077998161315918,16.877471923828125,7.176499366760254,36.460350036621094
2020-09-11,11.723358154296875,12.8333740234375,16.587100982666016,7.098634719848633,38.59079360961914
2020-09-14,11.893477439880371,12.983911514282227,16.582632064819336,7.033749103546143,38.56587219238281
2020-09-15,11.757490158081055,12.845921516418457,16.910980224609375,7.030503273010254,38.99570083618164
2020-09-16,11.794241905212402,12.871007919311523,16.801530838012695,7.0499677658081055,37.98031234741211
2020-09-17,11.816295623779297,12.90237045288086,16.888641357421875,7.186232089996338,38.67177200317383
2020-09-18,11.51858901977539,12.595029830932617,16.54019546508789,7.024013042449951,38.41013717651367
2020-09-21,11.349523544311523,12.406848907470703,16.386072158813477,6.780689239501953,37.376068115234375
2020-09-22,11.327470779418945,12.482122421264648,16.075592041015625,6.748244762420654,37.5172233581543
2020-09-23,11.09224796295166,12.1873140335083,15.403263092041016,6.563316822052002,38.35440444946289
2020-09-24,11.18045711517334,12.419393539428711,15.521644592285156,6.618470191955566,38.0688591003418
2020-09-25,11.13634967803955,12.406848907470703,15.255844116210938,6.5308732986450195,38.451751708984375
2020-09-28,11.213536262512207,12.369214057922363,14.811347007751465,6.368656635284424,38.146728515625
2020-09-29,10.937882423400879,12.074410438537598,14.710832595825195,6.264836311340332,37.86766815185547
2020-09-30,10.886429786682129,12.174771308898926,15.262544631958008,6.362167835235596,38.36089324951172
2020-10-01,10.9489107131958,12.231223106384277,15.709273338317871,6.4400315284729,38.19864273071289
2020-10-02,10.919506072998047,12.331031799316406,15.251376152038574,6.170751094818115,37.84820556640625
2020-10-05,11.110625267028809,12.5068359375,15.342954635620117,6.498429775238037,38.67240524291992
2020-10-06,11.03711986541748,12.462885856628418,15.159795761108398,6.465985298156738,38.04289627075195
2020-10-07,10.95626163482666,12.331031799316406,15.177664756774902,6.420566082000732,39.048805236816406
2020-10-08,11.485514640808105,12.965165138244629,15.278180122375488,6.6314473152160645,39.77566146850586
2020-10-09,11.408329963684082,13.021672248840332,14.795710563659668,6.4238104820251465,39.97683334350586
2020-10-13,11.412005424499512,13.09701919555664,15.019075393676758,6.5308732986450195,40.3272819519043
2020-10-14,11.338496208190918,13.109577178955078,15.412199974060059,6.478963851928711,40.88539505004883
2020-10-15,11.415679931640625,13.021672248840332,15.720441818237305,6.407588481903076,40.541446685791016
2020-10-16,11.125327110290527,12.764256477355957,15.318385124206543,6.271325588226318,40.392181396484375
2020-10-19,11.246613502502441,12.940051078796387,15.823188781738281,6.3329668045043945,40.203983306884766
2020-10-20,11.764836311340332,13.4988431930542,15.69587230682373,6.547096252441406,40.132591247558594
2020-10-21,11.853048324584961,13.636971473693848,15.834358215332031,6.540607929229736,40.788055419921875
2020-10-22,12.36760139465332,14.264822959899902,15.700340270996094,6.7612223625183105,40.95030212402344
2020-10-23,12.323497772216797,14.202035903930664,15.465804100036621,6.6736249923706055,41.17744445800781
2020-10-26,12.312466621398926,14.377837181091309,15.244674682617188,6.56980562210083,40.560909271240234
2020-10-27,12.047843933105469,13.976005554199219,15.67353630065918,6.449765205383301,40.580387115478516
2020-10-28,11.44508171081543,13.184919357299805,15.166496276855469,6.057198524475098,39.10721206665039
2020-10-29,11.378927230834961,13.053065299987793,15.014608383178711,6.25834846496582,40.24940872192383
2020-10-30,10.95258617401123,12.657519340515137,14.516502380371094,6.144796848297119,39.295413970947266
2020-11-03,11.062843322753906,13.090736389160156,14.809113502502441,6.375145435333252,41.106056213378906
2020-11-04,11.14370346069336,12.995829582214355,14.918561935424805,6.397855758666992,39.96385955810547
2020-11-05,11.279694557189941,13.196928024291992,16.428512573242188,6.453007221221924,40.59336471557617
2020-11-06,11.206185340881348,13.165504455566406,16.28555679321289,6.407588481903076,41.00871276855469
2020-11-09,12.01844310760498,14.416069984436035,16.46201515197754,7.0110368728637695,41.00871276855469
2020-11-10,12.632225036621094,15.346138000488281,17.036062240600586,7.487956523895264,40.989234924316406
2020-11-11,12.55504322052002,15.283296585083008,16.93108367919922,7.423068523406982,41.27478790283203
2020-11-12,12.029463768005371,14.680014610290527,16.716650009155273,7.108366966247559,40.671234130859375
2020-11-13,12.147076606750488,15.201598167419434,17.52076530456543,7.3419599533081055,41.047645568847656
2020-11-16,12.459485054016113,15.874017715454102,17.853580474853516,7.556088447570801,42.13143539428711
2020-11-17,12.642382621765137,15.961994171142578,17.75753402709961,7.685860633850098,43.461830139160156
2020-11-18,12.671952247619629,15.471827507019043,17.701692581176758,7.640439033508301,43.124366760253906
2020-11-19,12.797639846801758,15.484394073486328,17.871450424194336,7.7280378341674805,43.94856262207031
2020-11-23,12.760676383972168,15.383846282958984,18.93243408203125,8.14331340789795,46.26539993286133
2020-11-24,13.10075855255127,16.075101852416992,18.684499740600586,8.506682395935059,48.543304443359375
2020-11-25,13.06379508972168,15.867730140686035,18.867658615112305,8.516413688659668,48.99758529663086
2020-11-26,12.856785774230957,15.61007308959961,18.867658615112305,8.376907348632812,49.691986083984375
2020-11-27,12.793944358825684,15.484394073486328,18.36061668395996,8.273090362548828,50.905574798583984
2020-11-30,12.516695976257324,15.270722389221191,17.319738388061523,8.078428268432617,50.62001419067383
2020-12-01,12.860483169555664,16.125391006469727,17.141042709350586,8.30553150177002,52.72919464111328
2020-12-02,12.91592788696289,16.300825119018555,16.940017700195312,8.406105041503906,51.81414031982422
2020-12-03,13.026827812194824,16.08700180053711,16.971290588378906,8.642942428588867,51.24303436279297
2020-12-04,13.300376892089844,16.225366592407227,17.042766571044922,8.931692123413086,53.202945709228516
2020-12-07,13.363221168518066,16.3322696685791,16.028688430786133,8.75974178314209,53.83243942260742
2020-12-08,13.477814674377441,16.137313842773438,16.030921936035156,8.649433135986328,53.79999923706055
2020-12-09,13.29297924041748,16.18134307861328,15.635563850402832,8.740274429321289,53.670204162597656
2020-12-10,13.984249114990234,16.847965240478516,15.937106132507324,9.025776863098145,55.1628532409668
2020-12-11,14.22822093963623,16.715904235839844,15.90137004852295,8.944669723510742,55.071983337402344
2020-12-14,14.27530574798584,16.627851486206055,15.541751861572266,8.960892677307129,54.221839904785156
2020-12-15,14.456991195678711,16.627851486206055,16.497753143310547,9.035511016845703,54.838356018066406
2020-12-16,14.590476989746094,17.005189895629883,16.533491134643555,9.145818710327148,55.95459747314453
2020-12-17,14.60530948638916,17.086946487426758,17.292932510375977,9.162040710449219,56.5905876159668
2020-12-18,14.497779846191406,17.11838150024414,16.998092651367188,9.116621017456055,56.97998046875
2020-12-21,14.012052536010742,16.703323364257812,16.486587524414062,8.766228675842285,56.36994552612305
2020-12-22,14.197443008422852,17.042926788330078,16.776960372924805,8.850582122802734,56.4218635559082
2020-12-23,14.431039810180664,17.432828903198242,16.5535945892334,9.067955017089844,56.694427490234375
2020-12-28,14.590476989746094,17.60263442993164,17.10083770751953,9.142574310302734,56.66197204589844
2020-12-29,14.505197525024414,17.574077606201172,17.199121475219727,9.171773910522461,56.506221771240234
2020-12-30,14.38654613494873,17.325119018554688,16.915449142456055,9.194483757019043,56.752830505371094
2021-01-04,13.937893867492676,16.871875762939453,17.6994571685791,9.379411697387695,59.355220794677734
2021-01-05,13.793286323547363,16.769018173217773,17.755298614501953,9.74602222442627,60.354644775390625
2021-01-06,14.1084566116333,17.324790954589844,17.712862014770508,9.765488624572754,62.33401870727539
2021-01-07,14.668342590332031,17.784740447998047,18.403057098388672,10.057480812072754,66.4030990600586
2021-01-08,14.753625869750977,17.631423950195312,18.371788024902344,10.096412658691406,66.1954116821289
2021-01-11,14.512613296508789,17.31839942932129,18.065776824951172,10.012060165405273,66.18244934082031
2021-01-12,14.646099090576172,17.305625915527344,18.521442413330078,9.937439918518066,64.37179565429688
2021-01-13,13.923063278198242,17.043704986572266,18.919031143188477,9.457274436950684,62.444339752197266
2021-01-14,13.889690399169922,17.567537307739258,18.85202407836914,9.554606437683105,63.469722747802734
2021-01-15,13.459574699401855,17.0820369720459,18.19086265563965,9.123106956481934,60.71158218383789
2021-01-18,13.322383880615234,17.139530181884766,18.365087509155273,9.106886863708496,61.204803466796875
2021-01-19,13.096203804016113,16.86484146118164,18.39412498474121,9.308036804199219,61.04256057739258
2021-01-20,12.803282737731934,16.513490676879883,18.041208267211914,9.152307510375977,59.9133415222168
2021-01-21,12.673508644104004,16.277122497558594,17.33760643005371,8.938179969787598,60.588287353515625
2021-01-22,12.491819381713867,15.976871490478516,17.199121475219727,8.788941383361816,60.464962005615234
2021-01-26,12.158110618591309,15.593599319458008,16.919912338256836,8.75974178314209,59.543434143066406
2021-01-27,12.514070510864258,15.81717586517334,17.199121475219727,8.889514923095703,57.88853454589844
2021-01-28,12.806992530822754,16.30906105041504,17.23262596130371,9.00631332397461,59.12159729003906
2021-01-29,12.554856300354004,15.804397583007812,16.765789031982422,8.659165382385254,57.07732009887695
2021-02-01,12.7142972946167,16.13019371032715,17.17231559753418,8.931692123413086,59.23191452026367
2021-02-02,12.629012107849121,16.065608978271484,17.55203628540039,9.29830265045166,56.889122009277344
2021-02-03,12.729125022888184,16.142322540283203,17.634681701660156,9.389143943786621,58.6867790222168
2021-02-04,12.677217483520508,16.628190994262695,17.853580474853516,9.350212097167969,57.94694900512695
2021-02-05,12.591937065124512,16.538686752319336,17.587778091430664,9.356700897216797,60.153465270996094
2021-02-08,12.558565139770508,16.187074661254883,19.095489501953125,9.119864463806152,61.010101318359375
2021-02-09,12.71058464050293,16.270187377929688,18.668865203857422,8.9349365234375,61.16586685180664
2021-02-10,12.536316871643066,16.0911865234375,18.751508712768555,9.019289016723633,61.45789337158203
2021-02-11,12.584516525268555,16.110366821289062,19.29875373840332,9.110129356384277,60.41954040527344
2021-02-12,12.514070510864258,16.110366821289062,19.56455421447754,9.22692584991455,60.932228088378906
2021-02-17,12.369458198547363,16.097578048706055,19.531051635742188,9.600027084350586,62.528709411621094
2021-02-18,12.332382202148438,15.938770294189453,19.365760803222656,9.496209144592285,63.21012496948242
2021-02-19,12.098787307739258,15.804393768310547,19.609230041503906,8.866804122924805,63.45024490356445
2021-02-22,10.689797401428223,14.767836570739746,18.31371307373047,7.030503273010254,61.87973403930664
2021-02-23,11.456256866455078,15.471672058105469,19.459575653076172,7.80590295791626,62.91808319091797
2021-02-24,11.411078453063965,15.36290168762207,19.258546829223633,7.916210174560547,63.55409240722656
2021-02-25,11.091070175170898,15.030173301696777,18.782779693603516,7.523645401000977,62.113365173339844
2021-02-26,10.560235977172852,14.716647148132324,18.181928634643555,7.21543025970459,61.34107971191406
2021-03-01,10.488703727722168,14.230354309082031,18.405292510986328,7.137567043304443,63.96943664550781
2021-03-02,10.8915376663208,14.613945960998535,18.40082550048828,7.134322166442871,65.93582153320312
2021-03-03,10.914125442504883,14.742018699645996,18.29137420654297,6.874774932861328,65.1246109008789
2021-03-04,11.309429168701172,15.311971664428711,19.87950325012207,7.2089433670043945,64.15763092041016
2021-03-05,11.520258903503418,16.035627365112305,20.48929214477539,7.264096736907959,67.96350860595703
2021-03-08,10.993186950683594,15.465669631958008,20.25922203063965,6.845575332641602,67.59727478027344
2021-03-09,10.914125442504883,15.593753814697266,19.96661376953125,7.0045485496521,66.9190673828125
2021-03-10,11.256722450256348,15.856310844421387,20.020221710205078,7.2478742599487305,65.88818359375
2021-03-11,11.313193321228027,16.131683349609375,19.94428062438965,7.556088447570801,67.61761474609375
2021-03-12,11.349404335021973,16.022823333740234,19.901840209960938,7.517155170440674,66.05773162841797
2021-03-15,11.269959449768066,16.246963500976562,20.493755340576172,7.6728835105896,65.66437530517578
2021-03-16,11.300222396850586,15.977989196777344,19.82366180419922,7.55284309387207,65.45413970947266
2021-03-17,11.614225387573242,16.644006729125977,21.28447151184082,7.812390327453613,66.39683532714844
2021-03-18,11.515863418579102,16.95140838623047,20.772964477539062,7.539865493774414,65.21675872802734
2021-03-19,11.614225387573242,17.12430763244629,20.953887939453125,7.786435127258301,64.28083038330078
2021-03-22,11.648271560668945,17.034652709960938,20.61884117126465,7.630706310272217,63.21603775024414
2021-03-23,11.228343963623047,16.848934173583984,20.58980369567871,7.397114276885986,61.757877349853516
2021-03-24,11.024054527282715,16.676025390625,20.30166244506836,7.403603553771973,63.17533493041992
2021-03-25,11.182947158813477,17.047456741333008,20.57193374633789,7.526889801025391,62.693809509277344
2021-03-26,11.220779418945312,17.16273307800293,20.283794403076172,7.611239433288574,64.78948974609375
2021-03-29,11.273741722106934,17.23318099975586,20.060426712036133,7.731283187866211,66.45111083984375
2021-03-30,11.621789932250977,17.521366119384766,20.670215606689453,7.731283187866211,65.83392333984375
2021-03-31,11.519643783569336,17.143524169921875,20.4200439453125,7.8188796043396,66.44432067871094
2021-04-01,11.330488204956055,16.515928268432617,20.739459991455078,7.750748157501221,66.05095672607422
2021-04-05,11.315354347229004,16.669078826904297,20.65458106994629,7.799413681030273,70.12022399902344
2021-04-06,11.179160118103027,16.406314849853516,20.341867446899414,7.7929253578186035,69.21141815185547
2021-04-07,11.107283592224121,16.226879119873047,20.096168518066406,7.786435127258301,70.91372680664062
2021-04-08,11.01270580291748,16.17560386657715,20.024690628051758,7.68910551071167,70.87303924560547
2021-04-09,11.042970657348633,16.14997673034668,19.92194175720215,7.6728835105896,69.85572052001953
2021-04-12,11.179160118103027,16.451181411743164,20.102867126464844,7.750748157501221,70.12700653076172
2021-04-13,11.179160118103027,16.34223747253418,20.073829650878906,7.7767014503479,70.24909210205078
2021-04-14,11.198080062866211,16.534494400024414,20.138607025146484,7.899990081787109,72.56857299804688
2021-04-15,11.213211059570312,16.534494400024414,20.33963394165039,7.743320941925049,73.38919830322266
2021-04-16,11.262391090393066,16.72675132751465,20.281558990478516,7.6963725090026855,73.701171875
2021-04-19,11.205645561218262,16.651132583618164,20.08946418762207,8.142394065856934,73.06365966796875
2021-04-20,11.387235641479492,16.397354125976562,20.68138313293457,7.988131046295166,71.99887084960938
2021-04-22,11.2850923538208,16.28455924987793,20.848907470703125,7.951240539550781,72.04634857177734
2021-04-23,11.375886917114258,16.587682723999023,20.330698013305664,7.944534778594971,73.23999786376953
2021-04-26,11.387235641479492,16.601789474487305,20.134138107299805,7.974717140197754,73.63336181640625
2021-04-27,11.262391090393066,16.453746795654297,20.084997177124023,7.746677398681641,74.68458557128906
2021-04-28,11.462899208068848,17.334943771362305,20.41558074951172,8.028373718261719,75.90534973144531
2021-04-29,11.213211059570312,16.75687599182129,20.4423828125,7.921060562133789,75.92572021484375
2021-04-30,11.213211059570312,16.813274383544922,20.116270065307617,7.921060562133789,73.93855285644531
2021-05-03,11.254822731018066,17.31379508972168,20.303895950317383,7.8573431968688965,73.55875396728516
2021-05-04,11.111065864562988,16.791000366210938,19.723148345947266,7.676252365112305,74.67101287841797
2021-05-05,11.069453239440918,16.819217681884766,19.91747283935547,7.991486072540283,75.08472442626953
2021-05-06,11.050536155700684,16.903879165649414,19.47017478942871,7.880817890167236,78.02816772460938
2021-05-07,11.326704025268555,16.97443389892578,20.08483123779297,8.175929069519043,78.29944610595703
2021-05-10,11.474247932434082,17.38362693786621,19.759422302246094,8.283243179321289,77.78401184082031
2021-05-11,11.557477951049805,17.355403900146484,19.61479949951172,8.434151649475098,80.51720428466797
2021-05-12,11.481812477111816,17.002647399902344,19.307470321655273,8.31007194519043,77.53985595703125
2021-05-13,11.788249015808105,17.397727966308594,19.51536750793457,8.38049602508545,76.29193115234375
2021-05-14,11.788249015808105,17.55999755859375,20.193302154541016,8.819807052612305,74.98298645019531
2021-05-17,11.996318817138672,17.637605667114258,20.527746200561523,8.940536499023438,76.94979858398438
2021-05-18,12.1627779006958,17.91980743408203,20.27465057373047,8.836577415466309,77.72295379638672
2021-05-19,12.37085247039795,18.03974151611328,20.229454040527344,8.769505500793457,76.12918090820312
2021-05-20,12.408681869506836,18.209056854248047,20.21137809753418,8.695727348327637,75.35601043701172
2021-05-21,12.514610290527344,18.293725967407227,19.80461883544922,8.702435493469238,74.19627380371094
2021-05-24,12.596766471862793,18.244335174560547,20.35600471496582,8.849989891052246,74.4539794921875
2021-05-25,12.42819595336914,18.152620315551758,19.768465042114258,8.665546417236328,72.60247802734375
2021-05-26,12.635079383850098,18.568876266479492,19.840776443481445,8.749385833740234,74.73883819580078
2021-05-27,12.807478904724121,18.68174934387207,19.80461883544922,8.689019203186035,75.27462768554688
2021-05-28,12.849623680114746,18.72408103942871,19.81365966796875,9.051203727722168,75.68153381347656
2021-05-31,12.830466270446777,18.68174934387207,21.124324798583984,9.010960578918457,77.84503173828125
2021-06-01,13.018189430236816,19.10504913330078,21.729944229125977,9.151809692382812,76.77346801757812
2021-06-02,13.485589981079102,19.852691650390625,21.919763565063477,9.346314430236816,77.85861206054688
2021-06-04,13.696300506591797,19.831504821777344,22.23613166809082,9.557587623596191,76.57000732421875
2021-06-07,13.99129867553711,20.078609466552734,22.516342163085938,9.487163543701172,75.823974609375
2021-06-08,13.907013893127441,19.93740463256836,22.543460845947266,9.611244201660156,74.54893493652344
2021-06-09,13.638835906982422,19.83856773376465,22.43498992919922,9.611244201660156,76.09525299072266
2021-06-10,13.600523948669434,19.873870849609375,23.058687210083008,9.617951393127441,75.84431457519531
2021-06-11,13.562211990356445,19.79620933532715,23.230430603027344,9.581061363220215,77.546630859375
2021-06-14,13.711774826049805,19.71149253845215,22.959257125854492,9.641426086425781,77.12614440917969
2021-06-15,13.665578842163086,19.725603103637695,22.877904891967773,9.735323905944824,75.62051391601562
2021-06-16,13.761812210083008,19.824445724487305,22.48019027709961,9.772214889526367,73.34849548339844
2021-06-17,13.434611320495605,19.739723205566406,22.57057762145996,9.433506965637207,71.82254028320312
2021-06-18,13.415362358093262,19.485565185546875,22.145742416381836,9.497222900390625,73.98603057861328
2021-06-21,13.311426162719727,19.534990310668945,22.615774154663086,9.708497047424316,74.67780303955078
2021-06-22,13.030416488647461,19.1749324798584,22.823673248291016,9.758801460266113,75.55269622802734
2021-06-23,13.030416488647461,19.0902099609375,22.272287368774414,9.825870513916016,76.68529510498047
2021-06-24,13.057364463806152,19.231412887573242,22.76943588256836,9.943243980407715,76.78881072998047
2021-06-25,12.66472053527832,18.631309509277344,22.353639602661133,9.758801460266113,77.73631286621094
2021-06-28,12.56848430633545,18.539525985717773,21.919763565063477,9.742032051086426,76.49142456054688
2021-06-29,12.483794212341309,18.426572799682617,21.585317611694336,9.785629272460938,77.81239318847656
2021-06-30,12.368311882019043,18.165353775024414,21.657630920410156,9.869466781616211,78.32418060302734
2021-07-01,12.237428665161133,17.93942642211914,21.729944229125977,9.74538516998291,76.96170806884766
2021-07-02,12.372159004211426,18.369686126708984,22.08246612548828,9.785629272460938,78.55241394042969
2021-07-05,12.295169830322266,18.04429817199707,22.407875061035156,9.674962997436523,78.26885223388672
2021-07-06,12.110397338867188,17.82063865661621,22.03727149963379,9.279244422912598,78.68379974365234
2021-07-07,12.272073745727539,17.95051383972168,22.344600677490234,9.406679153442383,78.91204071044922
2021-07-08,12.237428665161133,17.741275787353516,22.281328201293945,9.218879699707031,78.60773468017578
2021-07-12,12.549235343933105,18.18860626220703,23.619108200073242,9.299363136291504,79.58289337158203
2021-07-13,12.495342254638672,18.174171447753906,23.854127883911133,9.356375694274902,80.05318450927734
2021-07-14,12.58003044128418,18.253536224365234,24.37839126586914,9.279244422912598,79.61747741699219
2021-07-15,12.387554168701172,17.979373931884766,24.31511878967285,9.081384658813477,79.86646270751953
2021-07-16,12.237428665161133,17.979373931884766,23.8631649017334,8.947244644165039,78.42791748046875
2021-07-19,12.145041465759277,17.322816848754883,23.628149032592773,8.799687385559082,77.57032775878906
2021-07-20,12.360612869262695,17.589773178100586,23.483522415161133,8.917060852050781,78.2204360961914
2021-07-21,12.483794212341309,17.596981048583984,23.827011108398438,9.041143417358398,79.1195297241211
2021-07-22,12.299018859863281,17.459903717041016,24.586292266845703,9.021021842956543,79.3270034790039
2021-07-23,12.23358154296875,17.279541015625,24.40550994873047,8.967363357543945,78.92588806152344
2021-07-26,12.422204971313477,17.423830032348633,24.034908294677734,9.212173461914062,80.64105987548828
2021-07-27,12.479945182800293,17.560909271240234,23.781814575195312,9.104860305786133,78.96736907958984
2021-07-28,12.66472053527832,17.972152709960938,24.24280548095703,9.292656898498535,81.12517547607422
2021-07-29,12.464546203613281,17.798999786376953,23.90835952758789,9.326192855834961,79.92870330810547
2021-07-30,12.175837516784668,17.495981216430664,23.094844818115234,9.024375915527344,75.21886444091797
2021-08-02,12.341364860534668,17.604202270507812,23.275625228881836,8.856698036193848,75.3364486694336
2021-08-03,12.272073745727539,17.704547882080078,23.131000518798828,9.004252433776855,77.90230560302734
2021-08-04,12.091148376464844,17.004159927368164,22.190935134887695,8.813102722167969,77.81930541992188
2021-08-05,11.875580787658691,16.751445770263672,21.992076873779297,9.507284164428711,75.440185546875
2021-08-06,12.237428665161133,17.11969566345215,21.874570846557617,9.520698547363281,75.86897277832031
2021-08-09,12.1257963180542,17.11246681213379,21.95591926574707,9.453628540039062,75.39177703857422
2021-08-10,11.817840576171875,16.866966247558594,21.9649600982666,9.483809471130371,76.11796569824219
2021-08-11,11.702359199523926,16.93195915222168,21.95591926574707,9.61459732055664,75.57159423828125
2021-08-12,11.448290824890137,16.693683624267578,21.648591995239258,9.758801460266113,75.52318572998047
2021-08-13,11.355904579162598,16.773109436035156,21.32318687438965,9.842639923095703,74.9007339477539
2021-08-16,11.336655616760254,16.635915756225586,20.853151321411133,9.604537010192871,75.24653625488281
2021-08-17,11.2904634475708,16.57093048095703,20.600059509277344,9.604506492614746,74.00165557861328
2021-08-18,11.344352722167969,16.46262550354004,20.157142639160156,9.519227027893066,71.51879119873047
2021-08-19,11.421342849731445,16.4265193939209,20.28369140625,9.465926170349121,67.4383316040039
2021-08-20,11.436739921569824,16.33266258239746,20.365041732788086,9.451715469360352,67.46599578857422
2021-08-23,11.540677070617676,16.44818687438965,19.994441986083984,9.6009521484375,66.53231811523438
2021-08-24,11.91779899597168,16.881418228149414,20.31984519958496,9.799934387207031,68.9598617553711
2021-08-25,11.878851890563965,16.910297393798828,20.41927719116211,9.85323429107666,68.81462860107422
2021-08-26,11.711377143859863,16.585369110107422,20.030593872070312,9.76795482635498,67.93628692626953
2021-08-27,11.890534400939941,16.801986694335938,20.328886032104492,10.123283386230469,69.63764190673828
2021-08-30,11.777586936950684,16.621482849121094,20.066753387451172,10.055769920349121,69.19500732421875
2021-08-31,11.851587295532227,16.71534538269043,19.93116569519043,9.661358833312988,68.24749755859375
2021-09-01,11.863269805908203,16.686452865600586,20.40119743347168,9.608057975769043,68.36507415771484
2021-09-02,11.372539520263672,16.100385665893555,20.14810562133789,9.451715469360352,68.15068054199219
2021-09-03,11.3452730178833,16.020893096923828,20.003477096557617,9.355777740478516,68.19908905029297
2021-09-06,11.54780101776123,16.187103271484375,20.20233917236328,9.401969909667969,67.1270980834961
2021-09-08,11.06096076965332,15.254895210266113,19.61479949951172,8.87253189086914,65.73007202148438
2021-09-09,11.255695343017578,15.31993293762207,20.057714462280273,9.060853958129883,65.49490356445312
2021-09-10,11.290748596191406,15.13204288482666,19.750385284423828,9.00400161743164,65.57099914550781
2021-09-13,11.540008544921875,15.44278335571289,20.446393966674805,9.320243835449219,65.53641510009766
2021-09-14,11.455645561218262,15.341612815856934,21.241832733154297,9.195877075195312,65.07304382324219
2021-09-15,11.36550521850586,15.204312324523926,21.287025451660156,9.355777740478516,63.44776916503906
2021-09-16,11.549703598022461,15.009199142456055,21.377416610717773,9.274049758911133,60.81276321411133
2021-09-17,11.341992378234863,14.467219352722168,21.14240264892578,8.858316421508789,59.58170700073242
2021-09-20,10.973593711853027,13.925237655639648,20.807958602905273,8.758825302124023,57.23025131225586
2021-09-21,11.251851081848145,14.127577781677246,21.06104850769043,8.957808494567871,58.17775344848633
2021-09-22,11.514432907104492,14.33714485168457,21.11528778076172,9.185219764709473,60.24564743041992
2021-09-23,11.541868209838867,14.973072052001953,21.55820083618164,9.536993980407715,60.2435302734375
2021-09-24,11.451727867126465,14.640652656555176,21.55820083618164,9.558313369750977,59.3121337890625
2021-09-27,11.706469535827637,15.081462860107422,21.241832733154297,9.643589973449707,60.15957260131836
2021-09-28,11.467405319213867,14.763494491577148,20.636215209960938,9.579632759094238,57.14393997192383
2021-09-29,11.530110359191895,15.030874252319336,20.807958602905273,9.732422828674316,57.86921691894531
2021-09-30,11.326313972473145,15.052556037902832,20.771800994873047,9.67557144165039,58.205135345458984
2021-10-01,11.581058502197266,15.428322792053223,21.386459350585938,9.949173927307129,58.174591064453125
2021-10-04,11.443892478942871,14.993619918823242,21.124324798583984,10.22988224029541,57.632545471191406
2021-10-05,11.988648414611816,15.246768951416016,20.88930892944336,10.453740119934082,57.22027587890625
2021-10-06,12.008244514465332,15.362494468688965,20.735645294189453,10.176583290100098,58.83115768432617
2021-10-07,11.882832527160645,14.97914981842041,20.96162223815918,10.162368774414062,60.587093353271484
2021-10-08,12.133655548095703,15.080415725708008,21.124324798583984,10.347138404846191,60.96116638183594
2021-10-11,12.039599418640137,14.80556583404541,20.60909652709961,10.418205261230469,62.312469482421875
2021-10-13,12.055275917053223,14.762164115905762,21.259910583496094,10.528355598449707,60.464935302734375
2021-10-14,11.996488571166992,14.624743461608887,21.241832733154297,10.546124458312988,60.464935302734375
2021-10-15,12.376643180847168,15.391426086425781,21.01585578918457,10.517695426940918,61.5948371887207
2021-10-18,12.623551368713379,15.659039497375488,21.0248966217041,10.464399337768555,61.014617919921875
2021-10-19,12.004326820373535,15.174437522888184,20.383119583129883,9.952725410461426,60.31224822998047
2021-10-20,12.227718353271484,15.695197105407715,20.030593872070312,10.126837730407715,58.53340530395508
2021-10-21,11.68687629699707,15.369718551635742,19.24419593811035,9.753741264343262,57.38062286376953
2021-10-22,11.330232620239258,14.791098594665527,18.909751892089844,9.657804489135742,58.082977294921875
2021-10-25,11.565385818481445,15.015315055847168,19.587682723999023,10.318714141845703,58.78535461425781
2021-10-26,11.443892478942871,14.675375938415527,18.728965759277344,10.219223976135254,58.159324645996094
2021-10-27,11.432134628295898,14.870655059814453,18.57530403137207,10.19434928894043,56.838558197021484
2021-10-28,11.330232620239258,14.820030212402344,18.204702377319336,10.29028606414795,56.26597595214844
2021-10-29,11.169548988342285,14.393288612365723,17.888336181640625,9.647144317626953,54.67037582397461
2021-11-01,11.424293518066406,14.89235782623291,18.24989891052246,9.949173927307129,55.21242904663086
2021-11-03,11.498758316040039,14.768542289733887,18.58434295654297,9.540545463562012,51.02111053466797
2021-11-04,11.228337287902832,13.79121208190918,18.286054611206055,9.238516807556152,50.44088363647461
2021-11-05,11.479162216186523,14.47172737121582,18.783205032348633,9.185219764709473,48.94453048706055
2021-11-08,11.553625106811523,14.138710021972656,18.656654357910156,9.281157493591309,51.60896301269531
2021-11-09,11.537949562072754,13.979437828063965,19.000141143798828,9.465926170349121,50.341636657714844
2021-11-10,12.067032814025879,14.761311531066895,19.235158920288086,9.391310691833496,50.150779724121094
2021-11-11,11.835803031921387,14.833701133728027,19.759422302246094,9.398415565490723,51.92197036743164
2021-11-12,11.816205978393555,14.978490829467773,19.081493377685547,9.590292930603027,52.143375396728516
2021-11-16,11.651604652404785,14.95677375793457,18.79224395751953,9.68978500366211,50.639381408691406
2021-11-17,11.487000465393066,15.021925926208496,18.819358825683594,9.444608688354492,49.62399673461914
2021-11-18,11.400779724121094,14.877138137817383,18.954946517944336,9.430395126342773,47.58559799194336
2021-11-19,11.385102272033691,14.862659454345703,19.036298751831055,9.274049758911133,48.883453369140625
2021-11-22,11.322396278381348,14.609272956848145,18.674734115600586,9.366435050964355,51.601322174072266
2021-11-23,11.795793533325195,14.891615867614746,19.226119995117188,9.878108024597168,52.960262298583984
2021-11-24,12.014304161071777,15.275304794311523,19.17188262939453,10.080644607543945,54.18940734863281
2021-11-25,12.638063430786133,15.398375511169434,19.452096939086914,10.52480411529541,53.82295227050781
2021-11-26,12.220901489257812,14.7830228805542,19.253236770629883,10.11617660522461,52.40294647216797
2021-11-29,12.240763664245605,14.674433708190918,19.415937423706055,10.471505165100098,53.059505462646484
2021-11-30,12.649982452392578,14.413813591003418,19.208040237426758,10.457290649414062,53.403053283691406
2021-12-01,12.435441017150879,14.355894088745117,19.180923461914062,10.517695426940918,53.6168327331543
2021-12-02,12.777118682861328,15.087041854858398,19.831737518310547,11.320205688476562,56.105648040771484
2021-12-03,12.793009757995605,15.043556213378906,20.220417022705078,11.479870796203613,54.86887741088867
2021-12-06,13.13866138458252,15.362403869628906,19.786540985107422,11.53176212310791,57.84632110595703
2021-12-07,12.95192813873291,15.181236267089844,19.858854293823242,11.719367027282715,58.27384948730469
2021-12-08,13.011524200439453,15.087041854858398,20.075790405273438,11.715374946594238,57.838680267333984
2021-12-09,12.721495628356934,14.702981948852539,19.904048919677734,11.691427230834961,57.395877838134766
2021-12-10,12.912199974060059,14.645005226135254,20.120986938476562,11.835122108459473,57.75469970703125
2021-12-13,12.804930686950684,14.376890182495117,20.039634704589844,11.763273239135742,59.44192123413086
2021-12-14,12.806923866271973,14.594280242919922,20.066753387451172,11.623567581176758,59.43428421020508
2021-12-15,12.587215423583984,14.594280242919922,20.4847412109375,11.695417404174805,59.09836959838867
2021-12-16,12.547266960144043,14.775447845458984,20.539905548095703,11.851088523864746,61.41161346435547
2021-12-17,12.115842819213867,14.362393379211426,20.356021881103516,11.571677207946777,60.44203186035156
2021-12-20,11.752328872680664,14.065292358398438,19.923891067504883,11.240373611450195,59.762569427490234
2021-12-21,11.784286499023438,14.005043983459473,19.6204833984375,11.256339073181152,61.33525466918945
2021-12-22,11.716375350952148,14.071075439453125,19.675647735595703,11.240373611450195,61.014617919921875
2021-12-23,11.67243480682373,14.115091323852539,19.445791244506836,11.308231353759766,60.42676544189453
2021-12-27,11.696405410766602,14.27649211883545,19.68484115600586,11.475878715515137,60.27407455444336
2021-12-28,11.628493309020996,14.22513484954834,19.72161865234375,11.487854957580566,58.823524475097656
2021-12-29,11.568572998046875,14.159111022949219,19.730810165405273,11.392054557800293,58.97622299194336
2021-12-30,11.52463150024414,14.0930814743042,19.942279815673828,11.356128692626953,59.51825714111328
2022-01-03,11.512648582458496,14.44522476196289,19.464181900024414,11.611591339111328,59.548797607421875
2022-01-04,11.52463150024414,14.539942741394043,19.58370590209961,11.655499458312988,58.846435546875
2022-01-05,11.332889556884766,14.437125205993652,18.609115600585938,11.204448699951172,59.403743743896484
2022-01-06,11.424764633178711,14.642742156982422,18.17698860168457,11.196466445922852,60.60234832763672
2022-01-07,11.436749458312988,14.855705261230469,18.213764190673828,11.248357772827148,64.12947845458984
2022-01-10,11.496668815612793,14.907105445861816,18.14021110534668,11.180498123168945,63.36602020263672
2022-01-11,11.544605255126953,14.929136276245117,18.90333366394043,11.511802673339844,64.572265625
2022-01-12,11.65645694732666,14.818984985351562,19.519346237182617,11.863064765930176,65.27464294433594
2022-01-13,11.844206809997559,15.08335018157959,19.353849411010742,12.102560043334961,64.28216552734375
2022-01-14,12.147802352905273,15.325679779052734,19.510150909423828,12.553611755371094,64.65625
2022-01-17,12.171768188476562,15.413800239562988,19.381431579589844,12.573572158813477,64.3203353881836
2022-01-18,12.279623985290527,15.692855834960938,19.592899322509766,12.6294527053833,65.89302825927734
2022-01-19,12.387479782104492,15.494579315185547,20.19972038269043,12.569580078125,67.34357452392578
2022-01-20,12.46338176727295,15.479886054992676,20.595069885253906,12.661384582519531,66.19841766357422
2022-01-21,12.46338176727295,15.31833553314209,20.208911895751953,12.681344985961914,64.82421875
2022-01-24,12.523300170898438,15.641449928283691,19.905502319335938,12.753193855285645,64.03024291992188
2022-01-25,12.846869468688965,16.26563262939453,20.190523147583008,13.168320655822754,64.17527770996094
2022-01-26,12.723037719726562,16.280324935913086,20.622652053833008,13.519582748413086,64.3585205078125
2022-01-27,12.898799896240234,16.361101150512695,21.47771644592285,13.523573875427246,64.50357055664062
2022-01-28,12.978694915771484,16.59609031677246,21.339799880981445,12.988699913024902,63.86991500854492
2022-01-31,13.046602249145508,16.74295425415039,21.85468101501465,12.912856101989746,61.739891052246094
2022-02-01,13.026629447937012,16.801708221435547,21.790321350097656,13.172311782836914,65.12959289550781
2022-02-02,12.810916900634766,16.499618530273438,21.72595977783203,12.980712890625,65.49604034423828
2022-02-03,12.898799896240234,16.742151260375977,21.73515510559082,12.801092147827148,65.46551513671875
2022-02-04,12.874833106994629,16.852394104003906,21.431743621826172,13.024624824523926,67.18325805664062
2022-02-07,12.727029800415039,16.793598175048828,20.723791122436523,12.833028793334961,68.80940246582031
2022-02-08,12.862846374511719,16.698060989379883,20.383602142333984,12.705294609069824,69.7713394165039
2022-02-09,12.750996589660645,15.264909744262695,20.55829429626465,12.753193855285645,69.78661346435547
2022-02-10,12.890811920166016,15.485387802124023,20.521516799926758,12.948780059814453,71.66468811035156
2022-02-11,13.34221076965332,15.53683853149414,20.47554588317871,13.475672721862793,70.2141342163086
2022-02-14,13.39813232421875,15.55888843536377,20.47554588317871,13.172311782836914,69.90876770019531
2022-02-15,14.03328800201416,15.573580741882324,20.50312614440918,12.964747428894043,67.83218383789062
2022-02-16,14.113180160522461,15.757318496704102,21.073171615600586,13.144370079040527,68.32843780517578
2022-02-17,14.113180160522461,15.573580741882324,21.01800537109375,13.092480659484863,65.38916015625
2022-02-18,14.400795936584473,15.66177749633789,20.00663948059082,13.172311782836914,65.52658081054688
2022-02-21,14.093204498291016,15.478039741516113,19.47337532043457,13.511598587036133,65.58002471923828
2022-02-22,14.225035667419434,15.4192476272583,18.866558074951172,13.467690467834473,66.71755981445312
2022-02-23,14.296936988830566,15.34575366973877,18.802194595336914,13.659290313720703,66.01519012451172
2022-02-24,13.841545104980469,14.882732391357422,18.85736083984375,13.327983856201172,66.83208465576172
2022-02-25,14.065244674682617,14.956226348876953,19.409015655517578,13.57147216796875,70.45079803466797
2022-03-02,14.221036911010742,14.801884651184082,20.052610397338867,13.838912010192871,76.07740020751953
2022-03-03,14.222611427307129,15.087884902954102,20.549100875854492,13.667272567749023,76.1155776977539
2022-03-04,13.866744995117188,14.653857231140137,20.5123233795166,13.663281440734863,77.84860229492188
2022-03-07,13.273622512817383,14.278687477111816,20.15374755859375,12.693319320678711,80.21527862548828
2022-03-08,13.375885009765625,14.46259593963623,20.2548828125,12.956764221191406,76.69579315185547
2022-03-09,14.132625579833984,15.389498710632324,20.797344207763672,12.996682167053223,74.673583984375
2022-03-10,13.9485502243042,15.293868064880371,20.273271560668945,13.451725006103516,77.13916778564453
2022-03-11,13.67039966583252,15.227662086486816,19.804367065429688,12.968740463256836,76.73484802246094
2022-03-14,13.75629997253418,15.338000297546387,19.353849411010742,12.721259117126465,72.62022399902344
2022-03-15,13.600140571594238,15.301215171813965,19.2159366607666,12.41390609741211,70.53517150878906
2022-03-16,13.781254768371582,15.521909713745117,19.26190757751465,12.306133270263672,72.24759674072266
2022-03-17,13.908858299255371,15.580764770507812,20.181331634521484,11.978818893432617,74.76078033447266
2022-03-18,13.880047798156738,15.543977737426758,20.926063537597656,12.218317031860352,76.17988586425781
2022-03-21,14.164069175720215,15.911795616149902,20.824926376342773,12.677350997924805,78.33629608154297
2022-03-22,14.448087692260742,16.110416412353516,21.5236873626709,12.62147045135498,76.58421325683594
2022-03-23,14.37399673461914,16.00743293762207,21.79951286315918,12.793108940124512,76.46528625488281
2022-03-24,14.53864574432373,16.242835998535156,22.544248580932617,12.940797805786133,76.82999420166016
2022-03-25,14.530416488647461,16.389965057373047,22.571828842163086,12.892897605895996,75.49808502197266
2022-03-28,14.390463829040527,16.309038162231445,22.599411010742188,12.613489151000977,75.58529663085938
2022-03-29,14.4522066116333,16.603294372558594,22.250032424926758,12.892897605895996,74.93519592285156
2022-03-30,14.365766525268555,16.500307083129883,22.286808013916016,13.168320655822754,76.00547790527344
2022-03-31,14.283440589904785,16.3458251953125,21.744346618652344,13.351934432983398,75.79141998291016
2022-04-01,14.275209426879883,16.169279098510742,21.882261276245117,13.176304817199707,76.86961364746094
2022-04-04,14.143486022949219,16.10224723815918,21.679988861083984,13.052562713623047,77.64656066894531
2022-04-05,13.768908500671387,15.653130531311035,21.51449203491211,12.928824424743652,75.40293884277344
2022-04-06,13.838884353637695,15.57213306427002,21.413358688354492,12.916851043701172,76.5445785522461
2022-04-07,14.094095230102539,15.63840389251709,21.229473114013672,13.587440490722656,77.00439453125
2022-04-08,14.345183372497559,15.815104484558105,21.413358688354492,13.65529727935791,75.4346694946289
2022-04-11,14.435741424560547,15.79301929473877,21.15591812133789,13.551513671875,74.52294158935547
2022-04-12,14.406926155090332,15.653130531311035,21.459327697753906,13.511598587036133,74.02347564697266
2022-04-13,14.476906776428223,15.815104484558105,21.257055282592773,13.798994064331055,74.04727172851562
2022-04-14,14.48925495147705,15.778286933898926,21.303024291992188,13.654998779296875,73.00869750976562
2022-04-18,15.02436637878418,16.05807876586914,21.284639358520508,13.414824485778809,71.80364990234375
2022-04-19,14.493370056152344,15.86489486694336,20.852508544921875,13.820938110351562,69.51245880126953
2022-04-20,14.472784996032715,15.808144569396973,20.898479461669922,13.886439323425293,67.70488739013672
2022-04-22,14.17230224609375,15.58115291595459,20.383602142333984,13.344956398010254,63.78053665161133
2022-04-25,14.283440589904785,15.48387622833252,20.236495971679688,13.148448944091797,62.69440460205078
2022-04-26,13.962371826171875,14.81912612915039,19.905502319335938,13.126616477966309,61.83818435668945
2022-04-27,14.024115562438965,14.908295631408691,19.831951141357422,13.126616477966309,65.14414978027344
2022-04-28,13.999415397644043,14.770484924316406,19.629676818847656,13.213953971862793,66.75353240966797
2022-04-29,13.674232482910156,14.575919151306152,19.307880401611328,13.222684860229492,66.03207397460938
2022-05-02,13.575441360473633,14.567811965942383,18.627506256103516,13.091680526733398,65.7387466430664
2022-05-03,13.855347633361816,14.66436767578125,18.195377349853516,13.20958423614502,65.40577697753906
2022-05-04,14.258742332458496,14.875361442565918,18.370067596435547,14.00434398651123,64.85874938964844
2022-05-05,13.88827896118164,14.388446807861328,17.60694694519043,13.978144645690918,63.68539810180664
2022-05-06,13.933554649353027,14.688714027404785,17.15375518798828,14.436660766601562,63.23351287841797
2022-05-09,13.970606803894043,14.90782356262207,16.580081939697266,14.043646812438965,60.64106369018555
2022-05-10,13.810070037841797,15.053899765014648,16.78697967529297,14.165913581848145,59.887908935546875
2022-05-11,14.11467456817627,15.313591003417969,17.23839569091797,14.659364700317383,62.38521957397461
2022-05-12,14.472784996032715,15.41097354888916,17.44529151916504,14.772903442382812,61.7589111328125
2022-05-13,14.4522066116333,15.589508056640625,17.906112670898438,14.96504020690918,61.68755340576172
2022-05-16,14.4522066116333,15.849199295043945,17.7180233001709,15.113511085510254,63.53477478027344
2022-05-17,14.995553016662598,16.173812866210938,17.868494033813477,14.917007446289062,63.265220642089844
2022-05-18,14.781506538391113,15.873542785644531,17.210180282592773,14.672463417053223,61.66376876831055
2022-05-19,14.695068359375,15.751822471618652,17.23839569091797,14.921372413635254,63.30485153198242
2022-05-20,15.230177879333496,15.962813377380371,17.511125564575195,15.20958137512207,64.4227066040039
2022-05-23,15.872321128845215,16.222501754760742,18.17884063720703,15.807835578918457,65.7387466430664
2022-05-24,15.771232604980469,16.56334686279297,18.498592376708984,15.37740707397461,66.6266860961914
2022-05-25,15.67526912689209,16.37669563293457,18.837154388427734,15.596385955810547,66.83281707763672
2022-05-26,15.629374504089355,16.465965270996094,19.984498977661133,15.635320663452148,66.79316711425781
2022-05-27,15.458311080932617,16.701309204101562,20.341867446899414,14.890782356262207,67.95858001708984
2022-05-30,15.049426078796387,16.539005279541016,20.266633987426758,14.593937873840332,68.69588470458984
2022-05-31,15.27890396118164,16.636388778686523,20.323060989379883,14.62800407409668,68.34705352783203
2022-06-01,15.308106422424316,16.33611297607422,20.464128494262695,14.608537673950195,69.95642852783203
2022-06-02,15.320627212524414,16.270309448242188,20.765071868896484,14.482014656066895,71.27246856689453
2022-06-03,15.107841491699219,16.17282485961914,20.125566482543945,14.735060691833496,70.1308364868164
2022-06-06,14.920086860656738,16.189071655273438,20.040925979614258,14.744791984558105,70.20219421386719
2022-06-07,14.815781593322754,16.05099105834961,19.33559226989746,14.919979095458984,71.84329223632812
2022-06-08,14.682268142700195,15.766683578491211,19.015840530395508,14.8469820022583,69.36975860595703
2022-06-09,14.661404609680176,15.758557319641113,18.837154388427734,14.632868766784668,67.0230712890625
2022-06-10,14.415243148803711,15.522993087768555,18.564424514770508,14.428483963012695,67.03892517089844
2022-06-13,14.0856294631958,15.295549392700195,17.868494033813477,14.24356746673584,64.91422271728516
2022-06-14,14.089954376220703,15.14120864868164,17.27601432800293,14.404153823852539,64.78739929199219
2022-06-15,14.312739372253418,15.246807098388672,17.642786026000977,14.151105880737305,64.74774169921875
2022-06-17,14.34636402130127,15.011246681213379,17.247798919677734,13.289778709411621,61.37044143676758
2022-06-20,14.455653190612793,15.409263610839844,17.313631057739258,13.440631866455078,59.8561897277832
2022-06-21,13.862967491149902,15.299766540527344,17.34184455871582,13.172987937927246,60.252593994140625
2022-06-22,13.812527656555176,15.23410701751709,17.388864517211914,13.134057998657227,59.73727035522461
2022-06-23,13.724255561828613,14.831910133361816,17.022092819213867,12.89074420928955,57.55707550048828
2022-06-24,13.644390106201172,14.708789825439453,17.29482078552246,12.793420791625977,59.158531188964844
2022-06-27,13.926021575927734,14.913991928100586,17.48291015625,13.615819931030273,61.87783432006836
2022-06-28,13.976461410522461,14.700581550598145,17.623977661132812,13.786137580871582,62.98774337768555
2022-06-29,13.905004501342773,14.446137428283691,17.464101791381836,13.664481163024902,62.46449661254883
2022-06-30,14.031106948852539,14.117815017700195,17.116138458251953,13.591486930847168,60.69655990600586
2022-07-01,13.934426307678223,14.224516868591309,16.8151912689209,13.883461952209473,59.5390739440918
2022-07-04,13.888190269470215,14.075761795043945,16.551868438720703,14.180304527282715,59.198177337646484
2022-07-05,13.812527656555176,14.108638763427734,16.260330200195312,13.640149116516113,58.90483856201172
2022-07-06,13.724255561828613,13.993597984313965,16.091049194335938,13.464963912963867,59.45979690551758
2022-07-07,13.926021575927734,14.281189918518066,16.533058166503906,13.859134674072266,61.18809127807617
2022-07-08,14.060530662536621,14.289409637451172,16.683530807495117,14.014850616455078,59.77691650390625
2022-07-11,13.829340934753418,14.001815795898438,16.38258934020996,13.946723937988281,57.73942565917969
2022-07-12,13.87557601928711,14.059333801269531,16.119260787963867,13.73747730255127,57.91384506225586
2022-07-13,13.724255561828613,13.73886775970459,15.771297454833984,13.747207641601562,57.715641021728516
2022-07-14,13.707440376281738,13.426623344421387,16.119260787963867,13.37736988067627,53.87057113647461
2022-07-15,13.989068984985352,13.508793830871582,16.203903198242188,13.606084823608398,54.20354461669922
2022-07-18,14.186631202697754,13.681350708007812,16.38258934020996,13.917526245117188,54.488956451416016
2022-07-19,14.569145202636719,14.182587623596191,16.429609298706055,14.1997709274292,54.60786819458008
2022-07-20,14.573348999023438,14.001815795898438,16.495441436767578,14.194901466369629,53.42660140991211
2022-07-21,14.674234390258789,14.190804481506348,16.71174430847168,14.121909141540527,54.36210632324219
2022-07-22,14.573348999023438,14.010030746459961,16.44841957092285,14.272764205932617,54.869503021240234
2022-07-25,14.796135902404785,14.199024200439453,16.63650894165039,14.939444541931152,55.88427734375
2022-07-26,14.846573829650879,14.100423812866211,16.551868438720703,15.09029769897461,55.78122329711914
2022-07-27,14.943253517150879,14.182587623596191,17.285415649414062,15.25575065612793,55.90806198120117
2022-07-28,15.220683097839355,14.289409637451172,17.37005615234375,15.713178634643555,56.04283905029297
2022-07-29,15.119795799255371,14.32227897644043,17.558147430419922,16.618309020996094,55.297611236572266
2022-08-01,14.99789810180664,14.289409637451172,17.63338279724121,16.389591217041016,53.973636627197266
2022-08-02,15.199666023254395,14.535344123840332,17.89670753479004,16.462587356567383,55.69400405883789
2022-08-03,15.304750442504883,14.765677452087402,18.084796905517578,16.472318649291992,53.529666900634766
2022-08-04,15.5947904586792,15.03713321685791,19.006433486938477,16.647499084472656,53.220481872558594
2022-08-05,15.88482666015625,15.21810531616211,18.724300384521484,16.968677520751953,53.910213470458984
2022-08-08,16.385034561157227,15.267459869384766,18.874771118164062,17.82513999938965,54.37004089355469
2022-08-09,16.658260345458984,15.489567756652832,18.808940887451172,18.117116928100586,55.49580764770508
2022-08-10,16.801179885864258,15.736340522766113,19.758792877197266,18.058719635009766,55.53544616699219
2022-08-11,17.545188903808594,15.867955207824707,19.100479125976562,17.64022445678711,57.46987533569336
2022-08-12,18.53719711303711,16.065383911132812,19.787006378173828,18.950183868408203,58.205413818359375
2022-08-15,18.070615768432617,15.983115196228027,19.824623107910156,18.956159591674805,56.95458221435547
2022-08-16,18.158891677856445,16.213449478149414,19.7493896484375,19.129465103149414,58.22209167480469
2022-08-17,17.994956970214844,16.238126754760742,20.00330924987793,19.577672958374023,56.896209716796875
2022-08-18,17.578813552856445,16.33684539794922,19.984498977661133,19.97209358215332,56.47092819213867
2022-08-19,17.25514793395996,16.131196975708008,19.58951187133789,18.96213722229004,55.8371696472168
2022-08-22,17.431697845458984,15.909090042114258,19.241546630859375,19.368511199951172,55.019962310791016
2022-08-23,17.539255142211914,16.024253845214844,19.40142250061035,19.98404884338379,58.54730224609375
2022-08-24,17.247777938842773,15.933764457702637,19.617727279663086,20.10356903076172,56.66271209716797
2022-08-25,17.657535552978516,16.048933029174805,19.5330867767334,19.888427734375,57.76344680786133
2022-08-26,17.568824768066406,15.991349220275879,19.100479125976562,20.10356903076172,56.896209716796875
2022-08-29,17.932109832763672,16.048933029174805,19.439041137695312,20.605558395385742,55.795475006103516
2022-08-30,17.881420135498047,15.9995756149292,18.950008392333984,19.380462646484375,54.17772674560547
2022-08-31,17.611066818237305,15.596505165100098,18.790132522583008,19.858549118041992,53.785804748535156
2022-09-01,17.881420135498047,15.728119850158691,18.498592376708984,20.229066848754883,53.277130126953125
2022-09-02,17.965906143188477,15.900189399719238,18.51740264892578,19.97209358215332,52.46826171875
2022-09-05,17.585718154907227,15.933128356933594,18.395143508911133,19.924285888671875,54.38620376586914
2022-09-06,16.740863800048828,15.834314346313477,17.7086181640625,19.183246612548828,53.09367370605469
2022-09-08,16.669052124023438,15.743743896484375,17.464101791381836,19.003969192504883,53.79414367675781
2022-09-09,17.129501342773438,15.957830429077148,17.755640029907227,18.99799346923828,57.99694061279297
2022-09-12,17.3956298828125,16.114280700683594,18.028371810913086,18.812732696533203,58.505611419677734
2022-09-13,17.103792190551758,15.99075984954834,17.37005615234375,18.31671714782715,56.912879943847656
2022-09-14,17.120798110961914,15.916662216186523,17.576955795288086,18.597591400146484,55.870521545410156
2022-09-15,16.94644546508789,15.85901927947998,16.758766174316406,18.561737060546875,56.996273040771484
2022-09-16,16.75507926940918,15.677864074707031,16.834001541137695,18.394405364990234,56.912879943847656
2022-09-19,17.086780548095703,16.081342697143555,17.163158416748047,18.687236785888672,58.75577163696289
2022-09-20,17.34618377685547,16.60009002685547,17.37946128845215,18.579666137695312,57.913551330566406
2022-09-21,17.22286033630371,16.501277923583984,17.247798919677734,18.627471923828125,57.07965850830078
2022-09-22,17.53754997253418,16.88005828857422,18.00956153869629,19.08763313293457,58.38886260986328
2022-09-23,17.32067108154297,16.550687789916992,17.163158416748047,17.892417907714844,57.17972946166992
2022-09-26,16.597734451293945,16.25425910949707,16.655315399169922,17.503969192504883,57.3048095703125
2022-09-27,16.389362335205078,16.15545082092285,16.41080093383789,17.731061935424805,56.45423889160156
2022-09-28,16.393613815307617,16.163677215576172,16.19449806213379,17.492015838623047,56.98793029785156
2022-09-29,16.30430793762207,16.28719711303711,16.034622192382812,17.515920639038086,57.06298065185547
2022-09-30,16.380855560302734,16.336599349975586,16.344968795776367,17.808748245239258,60.07331848144531
2022-10-03,17.6311092376709,17.46468162536621,17.351247787475586,19.231061935424805,61.707740783691406
2022-10-04,16.682783126831055,17.455591201782227,17.181968688964844,18.746997833251953,63.20039749145508
2022-10-05,16.950698852539062,17.645153045654297,16.834001541137695,19.452173233032227,64.1760482788086
2022-10-06,17.25263214111328,17.282520294189453,17.15375518798828,20.115520477294922,62.73342514038086
2022-10-07,17.29090690612793,16.870447158813477,15.658443450927734,20.097593307495117,62.966915130615234
2022-10-10,17.03999900817871,16.61495590209961,14.482884407043457,19.870502471923828,61.69939422607422
2022-10-11,16.631757736206055,16.573753356933594,14.727400779724121,19.721097946166992,61.28245544433594
2022-10-13,16.74657440185547,16.334747314453125,15.075366973876953,20.282854080200195,60.1900634765625
2022-10-14,16.65301513671875,16.227602005004883,14.755614280700684,19.97209358215332,58.230430603027344
2022-10-17,16.793357849121094,16.342987060546875,15.207029342651367,19.954166412353516,59.147708892822266
2022-10-18,16.988971710205078,16.466611862182617,15.432735443115234,20.444202423095703,60.00659942626953
2022-10-19,17.711902618408203,16.540775299072266,15.479757308959961,21.16731071472168,59.29780197143555
2022-10-20,18.541152954101562,16.73033332824707,15.573802947998047,21.794803619384766,60.056644439697266
2022-10-21,19.000429153442383,17.08472442626953,16.08164405822754,22.54181480407715,61.81614685058594
2022-10-24,17.095287322998047,16.359468460083008,15.912364959716797,20.468107223510742,59.981597900390625
2022-10-25,16.801855087280273,16.260568618774414,15.376310348510742,20.037832260131836,59.981597900390625
2022-10-26,16.206504821777344,15.551804542541504,15.50797176361084,19.54779052734375,61.31580352783203
2022-10-27,16.410625457763672,15.840249061584473,15.489161491394043,19.697195053100586,59.13103103637695
2022-10-28,16.50843048095703,15.930908203125,15.366905212402344,19.46412467956543,56.245765686035156
2022-10-31,15.742972373962402,16.367713928222656,15.855937957763672,17.81472396850586,55.97892761230469
2022-11-01,16.1171932220459,16.458370208740234,16.542465209960938,17.844608306884766,57.68006134033203
2022-11-03,16.453144073486328,16.17704200744629,17.012685775756836,17.898393630981445,55.995601654052734
2022-11-04,16.69554328918457,16.00380516052246,17.586360931396484,16.912336349487305,60.24843215942383
2022-11-07,16.112943649291992,15.475842475891113,16.871620178222656,16.22508430480957,59.93156433105469
2022-11-08,16.189491271972656,15.327359199523926,17.144350051879883,16.344608306884766,61.74943923950195
2022-11-09,15.759984970092773,12.66280460357666,16.871620178222656,16.075681686401367,60.99893569946289
2022-11-10,15.44954776763916,12.291581153869629,16.326162338256836,15.609546661376953,62.1663818359375
2022-11-11,15.105086326599121,12.497815132141113,17.022092819213867,16.12946891784668,68.62902069091797
2022-11-14,15.479313850402832,12.50606632232666,16.67412567138672,16.553770065307617,69.47124481201172
2022-11-16,14.990267753601074,12.547314643859863,16.04402732849121,16.22508430480957,68.74575805664062
2022-11-17,14.671329498291016,12.819541931152344,16.08164405822754,16.231061935424805,69.29612731933594
2022-11-18,14.620292663574219,12.877288818359375,16.034622192382812,15.956161499023438,67.40320587158203
2022-11-21,14.969008445739746,12.78654670715332,15.771297454833984,16.003969192504883,66.64435577392578
2022-11-22,14.54604434967041,12.737049102783203,15.818319320678711,14.916234970092773,66.82780456542969
2022-11-23,14.7255220413208,12.646306991577148,15.498567581176758,14.986563682556152,67.4865951538086
2022-11-24,14.96481990814209,12.90203857421875,16.08164405822754,15.50444507598877,67.92021179199219
2022-11-25,14.61868953704834,12.66280460357666,15.790106773376465,15.255093574523926,67.4615707397461
2022-11-28,14.883628845214844,12.646306991577148,15.968791007995605,15.574773788452148,67.79513549804688
2022-11-29,15.063104629516602,12.794795989990234,16.24152183532715,16.22692108154297,70.41353607177734
2022-11-30,15.07592487335205,12.852542877197266,16.956262588500977,17.045297622680664,71.47256469726562
2022-12-01,15.058834075927734,12.704049110412598,16.429609298706055,16.36118507385254,71.86449432373047
2022-12-02,15.396416664123535,12.694945335388184,16.5612735748291,16.565778732299805,72.38151550292969
2022-12-05,15.041741371154785,12.224150657653809,16.147476196289062,16.380367279052734,72.30647277832031
2022-12-06,15.195575714111328,12.513235092163086,16.062835693359375,16.39315414428711,73.3571548461914
2022-12-07,15.16138744354248,12.372819900512695,15.611420631408691,16.20773696899414,70.74708557128906
2022-12-08,14.969093322753906,12.01766300201416,15.50797176361084,15.843306541442871,71.61433410644531
2022-12-09,14.947725296020508,11.811171531677246,15.64903736114502,15.79854965209961,73.99925994873047
2022-12-12,14.439213752746582,11.6790189743042,15.442140579223633,15.28706169128418,71.7894515991211
2022-12-13,13.755138397216797,11.33211612701416,14.981322288513184,14.909839630126953,72.09235382080078
2022-12-14,13.414066314697266,11.571645736694336,14.953107833862305,13.72702693939209,72.70317077636719
2022-12-15,13.793994903564453,11.431234359741211,14.8778715133667,14.091463088989258,72.93745422363281
2022-12-16,14.074624061584473,11.414715766906738,14.765018463134766,14.097855567932129,71.69072723388672
2022-12-19,14.22573184967041,11.72857666015625,15.225838661193848,14.308844566345215,71.43134307861328
2022-12-20,14.592708587646484,12.14981746673584,15.71487045288086,14.750000953674316,71.74930572509766
2022-12-21,14.730865478515625,12.248929977416992,15.808915138244629,15.069679260253906,72.1592788696289
2022-12-22,14.864705085754395,12.290226936340332,15.696062088012695,15.338210105895996,71.74930572509766
2022-12-23,15.231679916381836,12.504976272583008,16.260330200195312,16.060688018798828,72.22623443603516
2022-12-26,15.210089683532715,12.207630157470703,15.771297454833984,15.945603370666504,72.88724517822266
2022-12-27,14.704961776733398,12.14981746673584,15.902958869934082,16.054296493530273,74.62763214111328
2022-12-28,14.968317985534668,12.52149486541748,16.260330200195312,15.856091499328613,74.46028900146484
2022-12-29,14.994223594665527,12.513235092163086,16.100454330444336,15.664286613464355,74.36824798583984
2023-01-02,14.35957145690918,12.182851791381836,15.291668891906738,14.654097557067871,74.80335235595703
2023-01-03,14.091893196105957,11.57828140258789,14.66157054901123,14.283270835876465,74.66947174072266
2023-01-04,14.273223876953125,11.611361503601074,14.765018463134766,14.737213134765625,74.80335235595703
2023-01-05,14.925146102905273,12.115843772888184,15.065961837768555,15.267882347106934,76.05844116210938
2023-01-06,15.132380485534668,12.454923629760742,15.592613220214844,15.178372383117676,77.26332092285156
2023-01-09,14.985588073730469,12.612712860107422,15.517375946044922,15.26148796081543,77.34700012207031
2023-01-10,15.240314483642578,12.9912691116333,16.034622192382812,15.402146339416504,78.3008804321289
2023-01-11,15.456183433532715,13.249371528625488,16.363779067993164,15.523626327514648,78.02474975585938
2023-01-12,15.35688591003418,12.93964672088623,16.63650894165039,15.747400283813477,78.43473815917969
2023-01-13,15.391422271728516,12.896629333496094,16.119260787963867,15.709036827087402,78.50167846679688
2023-01-16,15.374151229858398,12.500869750976562,15.686657905578613,15.370180130004883,77.18801879882812
2023-01-17,16.276485443115234,12.586906433105469,16.250925064086914,16.316429138183594,77.08760833740234
2023-01-18,16.509618759155273,12.776180267333984,16.288543701171875,16.02872085571289,78.10004425048828
2023-01-19,16.88523292541504,12.80199146270752,16.42020606994629,16.552989959716797,78.43473815917969
2023-01-20,17.299697875976562,12.621317863464355,15.686657905578613,16.859886169433594,78.6439208984375
2023-01-23,17.170175552368164,12.08790397644043,15.037748336791992,17.128414154052734,78.90331268310547
2023-01-24,17.083829879760742,12.216957092285156,15.639633178710938,17.006938934326172,79.74003601074219
2023-01-25,17.55010414123535,12.1309175491333,15.818319320678711,17.224319458007812,80.49308776855469
2023-01-26,17.541473388671875,12.16533374786377,15.827723503112793,16.783159255981445,81.99919891357422
2023-01-27,17.347190856933594,11.803986549377441,15.827723503112793,16.380367279052734,79.75676727294922
2023-01-30,17.619182586669922,11.86421012878418,15.41392707824707,16.463481903076172,79.47228240966797
2023-01-31,17.57169532775879,12.062092781066895,15.705466270446777,16.66807746887207,79.07901763916016
2023-02-01,17.360143661499023,11.82979965209961,15.50797176361084,16.43790626525879,78.20045471191406
2023-02-02,17.03202247619629,12.00983715057373,15.150603294372559,15.67707347869873,74.58580017089844
2023-02-03,16.924087524414062,11.742761611938477,14.953107833862305,15.849699020385742,74.42681121826172
2023-02-06,17.019067764282227,11.699681282043457,15.018939971923828,16.482666015625,73.49805450439453
2023-02-07,16.785930633544922,11.630762100219727,15.056557655334473,16.380367279052734,73.98335266113281
2023-02-08,17.183130264282227,12.199378967285156,15.23524284362793,16.655288696289062,74.23438262939453
2023-02-09,17.092466354370117,11.88922119140625,14.652165412902832,16.578567504882812,73.95825958251953
2023-02-10,17.429218292236328,10.91568660736084,14.727400779724121,17.083662033081055,72.62786865234375
2023-02-13,17.528520584106445,11.303378105163574,14.765018463134766,17.134811401367188,72.55255126953125
2023-02-14,17.938669204711914,11.406760215759277,14.482884407043457,17.070873260498047,72.87887573242188
2023-02-15,18.10272789001465,11.85476016998291,14.774423599243164,17.09644889831543,74.46865844726562
2023-02-16,18.305648803710938,12.078760147094727,14.962512969970703,17.166776657104492,74.62763214111328
2023-02-17,18.486974716186523,12.00983715057373,14.633357048034668,16.904640197753906,73.65702819824219
2023-02-22,18.02933120727539,11.88922119140625,14.41705322265625,16.46987533569336,73.09642791748047
2023-02-23,18.176122665405273,11.837530136108398,14.304200172424316,16.97496795654297,72.75336456298828
2023-02-24,17.826845169067383,11.458453178405762,13.82457160949707,16.55938720703125,71.15522003173828
2023-02-27,17.58463478088379,11.346455574035645,14.078493118286133,16.719226837158203,71.15522003173828
2023-02-28,17.747575759887695,11.268914222717285,14.087897300720215,16.137409210205078,71.38951110839844
2023-03-01,17.17507553100586,11.182764053344727,13.918617248535156,16.175769805908203,74.63600158691406
2023-03-02,16.483665466308594,11.035199165344238,13.84338092803955,15.753792762756348,74.46865844726562
2023-03-03,16.668628692626953,11.095596313476562,13.862189292907715,16.431514739990234,74.71968078613281
2023-03-06,17.04736328125,11.466601371765137,14.200751304626465,16.597745895385742,72.083984375
2023-03-07,17.439308166503906,11.734071731567383,14.313604354858398,16.04789924621582,71.39786529541016
2023-03-08,17.615461349487305,12.09644603729248,14.576929092407227,16.25249671936035,72.05052185058594
2023-03-09,17.232324600219727,12.053304672241211,14.54871654510498,16.18216323852539,71.10502624511719
2023-03-10,16.90644073486328,11.708183288574219,14.087897300720215,15.971175193786621,70.87073516845703
2023-03-13,16.800745010375977,11.578767776489258,13.608268737792969,15.466082572937012,71.16358947753906
2023-03-14,16.67275047302246,11.509740829467773,13.702313423156738,15.191161155700684,71.81145477294922
2023-03-15,16.690528869628906,11.673676490783691,13.486011505126953,14.922629356384277,69.64804077148438
2023-03-16,16.868322372436523,12.00153636932373,13.43898868560791,14.871479988098145,69.9045639038086
2023-03-17,16.579408645629883,11.501111030578613,13.335539817810059,15.031318664550781,70.7425765991211
2023-03-20,16.486066818237305,11.302669525146484,13.30732536315918,14.660490036010742,71.32404327392578
2023-03-21,16.681640625,11.337181091308594,13.006382942199707,14.960988998413086,70.72547149658203
2023-03-22,16.72164535522461,11.233644485473633,12.978170394897461,14.916234970092773,69.8447265625
2023-03-23,16.53940200805664,10.845382690429688,12.827698707580566,14.577375411987305,68.04901123046875
2023-03-24,16.70830726623535,10.966176986694336,13.156854629516602,14.570981979370117,67.27086639404297
2023-03-27,16.71719741821289,11.164620399475098,13.373157501220703,14.820333480834961,67.15969848632812
2023-03-28,16.832765579223633,11.147367477416992,13.730527877807617,15.082468032836914,67.86943817138672
2023-03-29,17.028339385986328,11.207762718200684,14.181941032409668,15.280669212341309,68.84425354003906
2023-03-30,17.339481353759766,11.544252395629883,14.586334228515625,15.325423240661621,69.96443939208984
2023-03-31,17.383934020996094,11.363066673278809,14.191346168518066,14.992959022521973,68.6561279296875
2023-04-03,17.179468154907227,11.078341484069824,14.181941032409668,15.657890319824219,68.67322540283203
2023-04-04,17.463937759399414,11.32803726196289,14.097301483154297,15.517231941223145,66.7321548461914
2023-04-05,17.401714324951172,11.423083305358887,13.786953926086426,15.568381309509277,65.748779296875
2023-04-06,17.34392738342285,11.258912086486816,13.84338092803955,15.3446044921875,65.62906646728516
2023-04-10,17.35281753540039,11.38852310180664,13.815166473388672,15.670677185058594,66.89462280273438
2023-04-11,17.75285530090332,11.984736442565918,14.699187278747559,16.405941009521484,70.42619323730469
2023-04-12,18.98853302001953,11.924248695373535,14.962512969970703,16.52741813659668,68.92120361328125
2023-04-13,18.979642868041992,11.932892799377441,14.830850601196289,16.642501831054688,67.98915100097656
2023-04-14,19.304119110107422,11.915608406066895,14.868468284606934,16.815128326416016,67.39057159423828
2023-04-17,19.348569869995117,11.863764762878418,14.840254783630371,17.07726287841797,66.58678436279297
2023-04-18,19.38412857055664,11.785998344421387,14.783827781677246,17.51203155517578,67.15969848632812
2023-04-19,19.157438278198242,11.569979667663574,14.454671859741211,16.94939613342285,65.20152282714844
2023-04-20,19.339677810668945,11.673669815063477,14.454671859741211,17.06447982788086,63.84191131591797
2023-04-24,19.2996768951416,11.578618049621582,14.586334228515625,17.390552520751953,61.53313446044922
2023-04-25,19.12187957763672,11.837841033935547,14.257177352905273,17.32022476196289,59.85712432861328
2023-04-26,18.96630859375,11.66502857208252,13.758740425109863,17.102840423583984,60.08800506591797
2023-04-27,18.98853302001953,11.889684677124023,13.805763244628906,16.687257766723633,61.36211395263672
2023-04-28,19.05076026916504,11.967453956604004,14.087897300720215,17.069089889526367,61.90937423706055
2023-05-02,18.59738540649414,11.79464054107666,13.64588737487793,16.377683639526367,59.46378707885742
2023-05-03,18.539600372314453,11.89758586883545,13.55184268951416,16.320066452026367,59.00202941894531
2023-05-04,18.748510360717773,12.174473762512207,13.363753318786621,16.579343795776367,57.17211151123047
2023-05-05,19.224109649658203,12.780170440673828,13.880998611450195,17.285154342651367,59.036231994628906
2023-05-08,19.148548126220703,13.256073951721191,14.351222038269043,17.652462005615234,59.831478118896484
2023-05-09,19.09076690673828,13.126279830932617,14.699187278747559,17.710079193115234,60.4471549987793
2023-05-10,19.339677810668945,13.152238845825195,14.859064102172852,17.666866302490234,59.30986785888672
2023-05-11,19.735273361206055,13.325291633605957,15.41392707824707,18.3150577545166,58.155479431152344
2023-05-12,19.659713745117188,13.385865211486816,15.338690757751465,18.9056339263916,58.215335845947266
2023-05-15,19.753053665161133,13.59353256225586,15.244645118713379,18.480710983276367,59.0533332824707
2023-05-16,19.18410873413086,13.60218620300293,14.953107833862305,18.941648483276367,57.839088439941406
2023-05-17,19.215225219726562,13.54161262512207,15.319883346557617,18.480710983276367,59.7545166015625
2023-05-18,19.201887130737305,13.584877967834473,15.23524284362793,18.588741302490234,59.840030670166016
2023-05-19,19.575258255004883,13.91368579864502,15.369111061096191,18.5599365234375,59.181602478027344
2023-05-22,19.317455291748047,13.77524185180664,15.378771781921387,18.451900482177734,58.2324333190918
2023-05-23,19.77083396911621,13.887725830078125,15.26285171508789,18.9056339263916,56.91558074951172
2023-05-24,19.828617095947266,13.463740348815918,15.098630905151367,19.1937255859375,55.62437438964844
2023-05-25,19.850839614868164,13.94829273223877,15.05033016204834,19.049678802490234,55.45335006713867
2023-05-26,19.735273361206055,13.94829273223877,14.982710838317871,19.301755905151367,56.718910217285156
2023-05-29,19.69971466064453,13.965599060058594,14.808829307556152,19.222530364990234,56.29135513305664
2023-05-30,19.868621826171875,13.584877967834473,14.548008918762207,19.006465911865234,54.96595001220703
2023-05-31,19.83306121826172,13.420473098754883,14.4900484085083,18.812009811401367,54.56405258178711
2023-06-01,19.886402130126953,13.654102325439453,14.799169540405273,19.416988372802734,55.718441009521484
2023-06-02,19.941226959228516,13.67054271697998,15.968033790588379,19.575435638427734,58.09562301635742
2023-06-05,20.066024780273438,14.147016525268555,16.180553436279297,19.784297943115234,57.61676025390625
2023-06-06,20.29779624938965,14.372258186340332,16.54763412475586,20.202022552490234,57.80488967895508
2023-06-07,20.28887939453125,14.363594055175781,16.789134979248047,20.792600631713867,58.71984100341797
2023-06-09,21.278364181518555,14.60616683959961,17.049957275390625,21.808101654052734,58.45476150512695
2023-06-12,22.04945182800293,14.484882354736328,17.01131820678711,22.189815521240234,57.394439697265625
2023-06-13,21.81995391845703,14.502203941345215,16.8857364654541,22.146516799926758,58.001556396484375
2023-06-14,21.927663803100586,14.597500801086426,17.252819061279297,23.098066329956055,59.01912307739258
2023-06-15,22.37645149230957,14.64081859588623,17.09825897216797,22.553226470947266,59.480892181396484
2023-06-16,22.21040153503418,14.6841402053833,17.001657485961914,22.745071411132812,59.574947357177734
2023-06-19,22.623281478881836,14.944028854370117,17.204517364501953,23.3436279296875,59.34407043457031
2023-06-20,22.618793487548828,14.978683471679688,17.088598251342773,23.458730697631836,57.81343460083008
2023-06-21,23.332365036010742,14.944028854370117,17.39771842956543,24.440977096557617,57.23196792602539
2023-06-22,22.888063430786133,14.554184913635254,17.204517364501953,24.134023666381836,56.924129486083984
2023-06-23,22.89704132080078,14.372258186340332,17.426698684692383,23.144107818603516,56.35121154785156
2023-06-26,22.950899124145508,14.302953720092773,17.33009910583496,23.665925979614258,56.470924377441406
2023-06-27,22.52903938293457,14.352839469909668,17.049957275390625,23.481754302978516,57.14646530151367
2023-06-28,22.255281448364258,14.116111755371094,16.97267723083496,23.70429039001465,55.34218978881836
2023-06-29,22.46171760559082,14.177483558654785,17.194856643676758,23.811725616455078,56.01772689819336
2023-06-30,22.170007705688477,14.422981262207031,17.252819061279297,22.660659790039062,54.914642333984375
2023-07-03,22.61430549621582,14.60710620880127,17.755138397216797,23.082719802856445,56.63339614868164
2023-07-04,22.47069549560547,14.51842975616455,17.687519073486328,23.136432647705078,56.35121154785156
2023-07-05,22.322599411010742,14.544759750366211,17.95800018310547,23.105737686157227,55.855247497558594
2023-07-06,21.994979858398438,14.19365119934082,17.648880004882812,22.752744674682617,55.45335006713867
2023-07-07,22.421327590942383,14.29020881652832,18.315420150756836,22.63763999938965,55.9749641418457
2023-07-10,22.008445739746094,14.298985481262207,18.22848129272461,22.676008224487305,55.1198616027832
2023-07-11,21.694297790527344,14.307762145996094,18.32508087158203,22.369054794311523,56.932682037353516
2023-07-12,21.344242095947266,14.176094055175781,18.489301681518555,22.384403228759766,57.33457946777344
2023-07-13,21.546194076538086,14.527205467224121,19.136524200439453,22.737396240234375,58.66853713989258
2023-07-14,21.402584075927734,14.421873092651367,18.692163467407227,22.292316436767578,58.66853713989258
2023-07-17,21.591073989868164,14.571094512939453,18.866043090820312,22.246274948120117,58.01866149902344
2023-07-18,21.66288185119629,14.544759750366211,18.78876304626465,22.123497009277344,57.65096664428711
2023-07-19,21.285898208618164,14.492094993591309,18.663183212280273,22.330690383911133,57.497047424316406
2023-07-20,21.519269943237305,14.500873565673828,18.721141815185547,22.353708267211914,57.625308990478516
2023-07-21,21.77507781982422,14.974871635437012,19.049583435058594,22.775768280029297,57.97591018676758
2023-07-24,21.348730087280273,14.571094512939453,19.407005310058594,23.25153923034668,59.728858947753906
2023-07-25,21.236534118652344,14.51842975616455,19.793405532836914,23.78870391845703,61.57588577270508
2023-07-26,21.41604995727539,14.667649269104004,19.571226119995117,23.78870391845703,61.36211395263672
2023-07-27,20.976238250732422,14.33409595489502,19.06890296936035,22.553226470947266,60.216270446777344
2023-07-28,21.218585968017578,14.492094993591309,19.078563690185547,22.837158203125,57.830535888671875
2023-07-31,21.62697982788086,14.623762130737305,19.26210594177246,23.873117446899414,59.13884735107422
2023-08-01,21.254486083984375,14.588648796081543,19.204143524169922,23.481754302978516,58.31793975830078
2023-08-02,21.348730087280273,14.649264335632324,19.26210594177246,23.428037643432617,57.368778228759766
2023-08-03,21.384632110595703,14.54380989074707,19.29108428955078,23.72731590270996,57.727928161621094
2023-08-04,21.27243995666504,13.57715129852295,19.0399227142334,23.021331787109375,57.77067565917969
2023-08-07,21.236534118652344,13.480487823486328,18.866043090820312,23.167129516601562,58.06141662597656
2023-08-08,21.08843421936035,13.542001724243164,18.740463256835938,23.190149307250977,57.6851692199707
2023-08-09,20.971752166748047,13.471697807312012,18.643861770629883,23.374319076538086,57.16355895996094
2023-08-10,21.0794620513916,13.585939407348633,18.692163467407227,23.50477409362793,56.4880256652832
2023-08-11,21.30833625793457,13.506848335266113,18.392702102661133,23.451059341430664,56.01772689819336
2023-08-14,21.097412109375,13.436545372009277,18.247800827026367,23.512447357177734,54.52766036987305
2023-08-15,20.985214233398438,13.471697807312012,17.813100814819336,23.681272506713867,53.99031066894531
2023-08-16,21.164731979370117,13.401394844055176,17.60057830810547,24.203088760375977,53.778892517089844
2023-08-17,21.362194061279297,13.260793685913086,17.281797409057617,24.126354217529297,54.53646469116211
2023-08-18,21.447465896606445,13.34867000579834,17.39771842956543,24.187742233276367,53.92864990234375
2023-08-21,21.371170043945312,13.252001762390137,17.320438385009766,24.018917083740234,53.999114990234375
2023-08-22,21.834945678710938,13.339881896972656,17.61989974975586,24.384815216064453,55.126670837402344
2023-08-23,21.93053436279297,13.524423599243164,17.629558563232422,25.68332290649414,55.531883239746094
2023-08-24,21.643770217895508,13.199277877807617,17.39771842956543,25.64348793029785,54.791927337646484
2023-08-25,21.361557006835938,13.032308578491211,17.281797409057617,25.46822738647461,54.67741012573242
2023-08-28,21.976049423217773,13.454120635986328,17.349416732788086,25.755020141601562,55.46141052246094
2023-08-29,22.098949432373047,13.612303733825684,17.503978729248047,25.810781478881836,57.232017517089844
2023-08-30,21.780324935913086,13.322305679321289,17.58125877380371,25.98603630065918,57.24082565307617
2023-08-31,21.43893814086914,13.137761116027832,16.92437744140625,25.44432830810547,57.32891845703125
2023-09-01,21.584596633911133,13.172913551330566,17.31077766418457,25.99400520324707,60.685142517089844
2023-09-04,21.51632308959961,13.110418319702148,17.165878295898438,25.7231502532959,61.134403228759766
2023-09-05,21.43893814086914,12.828853607177734,17.1079158782959,26.583507537841797,60.87013244628906
2023-09-06,21.29327964782715,12.652873992919922,16.85675811767578,26.703001022338867,59.892330169677734
2023-09-08,21.229555130004883,12.652873992919922,16.731176376342773,26.607410430908203,58.76477813720703
2023-09-11,21.566389083862305,12.890443801879883,17.049957275390625,26.583507537841797,59.61044692993164
2023-09-12,21.682920455932617,13.048824310302734,17.233497619628906,26.710969924926758,59.566402435302734
2023-09-13,21.664579391479492,13.1016206741333,17.252819061279297,26.312654495239258,59.337364196777344
2023-09-14,21.72417449951172,13.154413223266602,17.80344009399414,26.981822967529297,61.76865005493164
2023-09-15,21.797521591186523,13.128015518188477,17.91935920715332,26.997753143310547,61.25773239135742
2023-09-18,21.705835342407227,13.128015518188477,17.900041580200195,27.188947677612305,60.5353889465332
2023-09-19,21.673748016357422,12.978436470031738,17.774459838867188,27.25267791748047,60.64990234375
2023-09-20,21.866281509399414,13.031229019165039,17.880720138549805,27.316408157348633,61.055110931396484
2023-09-21,21.366613388061523,12.547286033630371,17.41703987121582,26.894193649291992,59.460693359375
2023-09-22,21.403282165527344,12.450496673583984,17.35907745361328,27.109281539916992,59.90113830566406
2023-09-25,21.27951431274414,12.415300369262695,17.136898040771484,27.2845401763916,58.667884826660156
2023-09-26,20.97696304321289,12.283320426940918,16.692537307739258,26.65520668029785,57.75174331665039
2023-09-27,21.160327911376953,12.248122215270996,16.267494201660156,27.499631881713867,57.87506866455078
2023-09-28,21.838777542114258,12.538488388061523,16.315793991088867,27.443870544433594,58.755977630615234
2023-09-29,21.62790870666504,12.58248519897461,16.557294845581055,27.59522819519043,59.53116989135742
2023-10-02,21.568313598632812,12.406501770019531,15.881093978881836,27.180980682373047,59.01143264770508
2023-10-03,21.29326629638672,12.255816459655762,15.6009521484375,27.061487197875977,58.650264739990234
2023-10-04,21.453712463378906,12.669923782348633,15.736193656921387,25.98603630065918,58.02482986450195
2023-10-05,21.517887115478516,12.72278881072998,15.417411804199219,26.073665618896484,58.05125427246094
2023-10-06,22.39345932006836,12.749220848083496,15.311151504516602,26.695037841796875,58.89691925048828
2023-10-09,22.274269104003906,12.634681701660156,15.678232192993164,27.842182159423828,58.474082946777344
2023-10-10,22.237594604492188,12.775654792785645,16.07429313659668,28.0493106842041,58.82644271850586
2023-10-11,22.448467254638672,12.960680961608887,16.064632415771484,27.97760772705078,59.337364196777344
2023-10-13,22.379701614379883,12.76684284210205,15.571972846984863,28.901700973510742,58.6590690612793
2023-10-16,22.833534240722656,12.899004936218262,15.417411804199219,29.220352172851562,59.284523010253906
2023-10-17,22.62725067138672,12.76684284210205,15.27251148223877,30.009016036987305,59.76900863647461
2023-10-18,22.517229080200195,12.652301788330078,14.99237060546875,30.686145782470703,57.57556915283203
2023-10-19,22.69142723083496,12.71397876739502,15.108290672302246,30.542757034301758,56.747520446777344
2023-10-20,22.618080139160156,12.47608757019043,14.982710838317871,30.15241050720215,55.21476364135742
2023-10-23,22.585988998413086,12.493708610534668,15.1372709274292,28.16083526611328,55.10905456542969
2023-10-24,22.48055648803711,12.493708610534668,15.629932403564453,28.583051681518555,56.368736267089844
2023-10-25,22.485139846801758,12.458462715148926,15.446391105651855,28.73440170288086,56.31588363647461
2023-10-26,22.95271873474121,12.775654792785645,15.784493446350098,28.43965721130371,57.5227165222168
2023-10-27,22.37053680419922,12.6434907913208,15.45605182647705,28.23253059387207,59.52235412597656
2023-10-30,22.214675903320312,12.502520561218262,15.117950439453125,27.94574737548828,60.05970764160156
2023-10-31,22.16425132751465,12.326302528381348,15.214550971984863,27.67489242553711,60.78204345703125
2023-11-01,22.187171936035156,12.440842628479004,16.04531478881836,27.97760772705078,61.944828033447266
2023-11-03,22.966474533081055,13.031057357788086,16.586275100708008,28.312192916870117,62.72001647949219
2023-11-06,23.12691879272461,13.022233963012695,16.682876586914062,28.288293838500977,62.98429489135742
2023-11-07,23.38821029663086,13.366316795349121,17.175539016723633,27.818283081054688,61.73341751098633
2023-11-08,23.686180114746094,13.436898231506348,16.943696975708008,27.22081184387207,61.77745056152344
2023-11-09,22.696006774902344,13.46336841583252,16.769817352294922,27.786418914794922,62.07696533203125
2023-11-10,23.030649185180664,13.269268035888672,17.136898040771484,27.658960342407227,63.02833557128906
2023-11-13,22.943552017211914,13.004589080810547,17.21417808532715,28.431690216064453,62.896202087402344
2023-11-14,23.053571701049805,13.278091430664062,17.31077766418457,28.822040557861328,64.84298706054688
2023-11-16,23.04898452758789,13.73686695098877,17.648880004882812,28.320159912109375,65.27462768554688
2023-11-17,23.22318458557129,13.613350868225098,17.33009910583496,29.24424934387207,65.39795684814453
2023-11-20,23.346954345703125,13.648640632629395,17.687519073486328,29.268150329589844,67.00118255615234
2023-11-21,23.51198387145996,13.59570598602295,17.388057708740234,28.965431213378906,68.6220474243164
2023-11-22,23.31028175354004,13.878029823303223,17.436357498168945,29.107200622558594,65.93529510498047
2023-11-23,23.38821029663086,14.24858283996582,17.474998474121094,29.115480422973633,65.52127838134766
2023-11-24,23.36071014404297,14.257403373718262,17.33009910583496,29.198261260986328,64.96630859375
2023-11-27,23.79161834716797,14.169179916381836,16.963016510009766,29.032691955566406,64.57872009277344
2023-11-28,24.135425567626953,14.301518440246582,17.04029655456543,29.471450805664062,64.71966552734375
2023-11-29,24.172096252441406,14.230936050415039,16.895397186279297,29.16514778137207,64.70203399658203
2023-11-30,24.878053665161133,14.35445499420166,17.146556854248047,29.72808837890625,65.05440521240234
2023-12-01,24.928478240966797,14.398568153381348,17.175539016723633,29.52939796447754,66.26123809814453
2023-12-04,24.83220863342285,14.291669845581055,17.088598251342773,28.90023422241211,64.77250671386719
2023-12-05,24.83220863342285,14.424162864685059,16.54763412475586,28.76778221130371,64.17350006103516
2023-12-06,24.300453186035156,14.273999214172363,16.508995056152344,27.73296546936035,63.75067901611328
2023-12-07,24.69468879699707,14.30933666229248,16.373756408691406,27.66674041748047,63.953277587890625
2023-12-08,24.960567474365234,14.538987159729004,16.92437744140625,28.552539825439453,64.12945556640625
2023-12-11,24.955982208251953,14.424162864685059,16.70219612121582,28.444913864135742,64.18231201171875
2023-12-12,24.218944549560547,14.353499412536621,16.56695556640625,28.213123321533203,64.29682922363281
2023-12-13,24.44037437438965,14.980637550354004,17.494319915771484,28.6187686920166,64.3056411743164
2023-12-14,24.601835250854492,15.23678970336914,17.986980438232422,29.239654541015625,64.65798950195312
2023-12-15,25.19231605529785,15.386945724487305,17.793779373168945,29.30588150024414,65.0632095336914
2023-12-18,25.210771560668945,15.501777648925781,18.035280227661133,29.67013168334961,65.37152099609375
2023-12-19,25.303030014038086,15.501777648925781,18.1028995513916,30.009553909301758,65.82958984375
2023-12-20,25.007789611816406,15.245622634887695,18.044940948486328,30.117176055908203,65.61817932128906
2023-12-21,25.044694900512695,15.254451751708984,18.354061126708984,30.12545394897461,67.80281829833984
2023-12-22,25.1138916015625,15.037245750427246,18.5376033782959,30.41520118713379,67.29187774658203
2023-12-26,25.34455108642578,15.081920623779297,18.595561981201172,30.903635025024414,67.52973175048828
2023-12-27,25.307645797729492,15.171270370483398,18.875703811645508,30.928468704223633,68.18160247802734
2023-12-28,25.552141189575195,15.26955795288086,18.701824188232422,30.82912826538086,68.00540924072266
2024-01-02,25.261512756347656,14.965768814086914,18.56658172607422,31.27616310119629,67.87328338623047
2024-01-03,25.284576416015625,14.982742309570312,18.643861770629883,32.253028869628906,67.52091979980469
2024-01-04,25.01701545715332,14.77701187133789,18.392702102661133,31.979835510253906,66.61359405517578
2024-01-05,25.316871643066406,15.09902572631836,18.5376033782959,32.054344177246094,65.75911712646484
2024-01-08,25.533689498901367,14.982742309570312,18.85638427734375,31.814268112182617,65.42438507080078
2024-01-09,25.15079689025879,14.580221176147461,18.76944351196289,31.54107666015625,64.59634399414062
2024-01-10,25.109277725219727,14.329765319824219,18.56658172607422,31.251327514648438,63.627349853515625
2024-01-11,25.279964447021484,14.258204460144043,18.56658172607422,31.5162410736084,63.962093353271484
2024-01-12,25.42758560180664,14.141922950744629,18.85638427734375,31.59902572631836,63.15166473388672
2024-01-15,25.925806045532227,14.19559097290039,18.88536262512207,31.93844223022461,63.02833557128906
2024-01-16,25.778186798095703,14.070361137390137,17.726160049438477,31.54107666015625,62.209102630615234
2024-01-17,25.82893180847168,14.097195625305176,17.494319915771484,31.358951568603516,61.09034729003906
2024-01-18,25.52907371520996,14.016692161560059,17.21417808532715,31.234769821166992,60.78204345703125
2024-01-19,25.7966365814209,13.98985767364502,17.474998474121094,31.069198608398438,59.98923110961914
2024-01-22,25.625951766967773,13.828848838806152,17.4653377532959,31.209938049316406,59.72496795654297
2024-01-23,26.082651138305664,13.75728988647461,17.91935920715332,31.59902572631836,60.95821762084961
2024-01-24,26.13339614868164,13.703619956970215,17.813100814819336,31.358951568603516,61.574859619140625
2024-01-25,26.101104736328125,13.739398956298828,17.83241844177246,32.51793670654297,60.05970764160156
2024-01-26,26.281015396118164,13.882518768310547,17.93868064880371,33.08087921142578,61.22248840332031
2024-01-29,26.073427200317383,13.75728988647461,17.629558563232422,33.58586502075195,60.93179702758789
2024-01-30,25.93964385986328,13.658894538879395,17.639219284057617,33.378902435302734,60.5882453918457
2024-01-31,26.041135787963867,13.730454444885254,17.648880004882812,33.7431526184082,59.689727783203125
2024-02-01,26.636226654052734,13.703619956970215,17.929019927978516,34.41371536254883,59.41664505004883
2024-02-02,26.627002716064453,13.72061538696289,17.339759826660156,33.9666748046875,58.20981979370117
2024-02-05,26.913013458251953,13.998251914978027,17.474998474121094,34.11568832397461,57.707706451416016
2024-02-06,27.4942684173584,14.866983413696289,17.91935920715332,34.43027114868164,58.72954177856445
2024-02-07,27.420455932617188,12.502595901489258,17.948339462280273,34.935264587402344,58.84406280517578
2024-02-08,27.005277633666992,12.144356727600098,17.8227596282959,34.65378952026367,58.32433319091797
2024-02-09,26.557804107666016,12.054795265197754,17.880720138549805,34.19019317626953,58.068870544433594
2024-02-14,26.91762924194336,11.974189758300781,17.610239028930664,33.933563232421875,57.892696380615234
2024-02-15,26.9222412109375,12.027929306030273,17.948339462280273,35.01803970336914,57.707706451416016
2024-02-16,26.696197509765625,12.072709083557129,18.29610252380371,35.340904235839844,59.90113830566406
2024-02-19,27.180578231811523,12.224959373474121,18.170520782470703,35.51475524902344,59.45187759399414
2024-02-20,27.355873107910156,12.511550903320312,18.131881713867188,35.1422233581543,58.148155212402344
2024-02-21,27.420455932617188,12.466773986816406,17.91935920715332,35.191890716552734,58.58860397338867
2024-02-22,26.802297592163086,12.538418769836426,17.532958984375,34.926979064941406,59.21403884887695
2024-02-23,26.47015380859375,12.377212524414062,17.136898040771484,34.68690872192383,59.354984283447266
2024-02-26,26.723876953125,12.35930061340332,17.33009910583496,35.340904235839844,57.91912078857422
2024-02-27,27.046798706054688,12.5563325881958,17.66819953918457,35.291236877441406,59.443077087402344
2024-02-28,27.10215187072754,12.502595901489258,16.92437744140625,33.469970703125,58.79120635986328
2024-02-29,26.69158363342285,12.314520835876465,16.422054290771484,33.22989273071289,59.01143264770508
2024-03-01,26.719261169433594,12.35930061340332,16.219194412231445,33.263004302978516,58.914527893066406
2024-03-04,26.608549118041992,12.241791725158691,16.035654067993164,33.18022155761719,58.782405853271484
2024-03-05,26.79307746887207,12.304571151733398,15.794153213500977,33.08087921142578,58.00720977783203
2024-03-06,27.18979835510254,12.394253730773926,15.716873168945312,33.809391021728516,58.80001449584961
2024-03-07,26.93146514892578,12.340442657470703,15.581631660461426,33.436851501464844,58.597408294677734
2024-03-08,26.66851806640625,12.412188529968262,15.852112770080566,30.382089614868164,58.148155212402344
2024-03-11,26.400957107543945,12.48393726348877,15.948713302612305,29.51284408569336,56.34231185913086
2024-03-12,26.763395309448242,12.63640022277832,16.09361457824707,30.481430053710938,55.99125671386719
2024-03-13,26.46602439880371,12.770926475524902,16.151573181152344,30.117176055908203,56.35017776489258
2024-03-14,26.349863052368164,12.851639747619629,16.016334533691406,29.984718322753906,55.63234329223633
2024-03-15,26.61935806274414,12.654335975646973,15.861773490905762,30.067506790161133,54.9973258972168
2024-03-18,26.033905029296875,12.735051155090332,15.803813934326172,30.084062576293945,56.046478271484375
2024-03-19,25.94097900390625,12.663305282592773,15.9583740234375,29.86054039001465,56.506629943847656
2024-03-20,26.219764709472656,12.824734687805176,16.267494201660156,30.382089614868164,56.88395309448242
2024-03-21,25.852697372436523,12.681242942810059,16.122594833374023,29.554235458374023,56.745906829833984
2024-03-22,25.74582862854004,12.519810676574707,15.861773490905762,29.84398078918457,56.092491149902344
2024-03-25,25.848051071166992,12.501873970031738,15.649252891540527,30.29930305480957,55.97285079956055
2024-03-26,25.987443923950195,12.681242942810059,15.465712547302246,30.01782989501953,55.264217376708984
2024-03-27,26.006031036376953,12.878545761108398,15.668571472167969,30.257911682128906,55.7703857421875
2024-03-28,26.30804443359375,12.788863182067871,15.649252891540527,30.928468704223633,55.9820556640625
2024-04-01,26.057138442993164,12.672271728515625,15.204891204833984,31.16854476928711,56.34097671508789
2024-04-02,26.098955154418945,12.743196487426758,14.924750328063965,31.971553802490234,57.00358963012695
2024-04-03,26.2011775970459,12.994647026062012,15.040670394897461,31.80599021911621,56.18452072143555
2024-04-04,26.377744674682617,13.075469970703125,14.973050117492676,31.441734313964844,55.5587158203125
2024-04-05,26.489255905151367,13.03955078125,14.750869750976562,31.54107666015625,54.95131301879883
2024-04-08,26.902786254882812,13.129355430603027,15.26285171508789,31.979835510253906,57.95150375366211
2024-04-09,27.130462646484375,13.210176467895508,15.407751083374023,32.0626220703125,57.56497573852539
2024-04-10,26.763395309448242,12.931783676147461,15.031010627746582,32.77457809448242,56.69068908691406
2024-04-11,26.82844352722168,12.922802925109863,14.499709129333496,32.534488677978516,56.92996597290039
2024-04-12,26.479963302612305,12.76115894317627,14.374128341674805,32.23646926879883,56.718299865722656
2024-04-15,26.233701705932617,12.572566986083984,13.910446166992188,32.54277801513672,57.04961013793945
2024-04-16,25.936330795288086,12.482763290405273,13.649625778198242,32.69179153442383,56.54343795776367
2024-04-17,25.992088317871094,12.419901847839355,13.910446166992188,32.93186569213867,57.1600456237793
2024-04-18,25.954919815063477,12.366020202636719,13.88146686553955,32.98981475830078,57.3717155456543
2024-04-19,25.75047492980957,12.249275207519531,13.929766654968262,33.55274963378906,58.3104248046875
2024-04-22,25.45310401916504,12.195392608642578,14.065007209777832,34.35576629638672,58.282814025878906
2024-04-23,25.64825439453125,12.276213645935059,13.929766654968262,34.2895393371582,57.776641845703125
2024-04-24,25.555322647094727,12.276213645935059,13.80418586730957,34.13224411010742,58.49448776245117
2024-04-25,25.443809509277344,12.267233848571777,13.871806144714355,34.95181655883789,57.26128005981445
2024-04-26,25.443809509277344,12.464802742004395,14.258208274841309,35.4454345703125,57.26128005981445
2024-04-29,25.601789474487305,12.626452445983887,14.180928230285645,35.87095260620117,58.80739212036133
2024-04-30,25.48098373413086,12.572566986083984,14.007046699523926,35.760318756103516,58.246002197265625
2024-05-02,25.75047492980957,12.428881645202637,13.958746910095215,35.896484375,58.8257942199707
2024-05-03,26.224409103393555,12.391988754272461,14.238887786865234,35.439842224121094,58.89021301269531
2024-05-06,26.373096466064453,12.382996559143066,13.746225357055664,35.67972183227539,59.0650749206543
2024-05-07,26.289461135864258,12.382996559143066,14.16160774230957,36.11505889892578,59.433197021484375
2024-05-08,26.373096466064453,12.409975051879883,14.258208274841309,36.665889739990234,58.89021301269531
2024-05-09,25.220781326293945,12.095229148864746,14.045686721801758,37.021263122558594,59.3687744140625
2024-05-10,25.666841506958008,12.023285865783691,13.794526100158691,36.941307067871094,59.16630554199219
2024-05-13,25.86199188232422,12.07724666595459,13.862146377563477,36.976844787597656,59.516021728515625
2024-05-14,26.02926254272461,12.068249702453613,13.920106887817383,36.31051254272461,59.47920608520508
2024-05-15,25.694719314575195,11.95134449005127,13.89112663269043,34.11606979370117,59.304351806640625
2024-05-16,25.72259521484375,12.014294624328613,14.016707420349121,33.12102127075195,59.73689651489258
2024-05-17,25.731889724731445,12.07724666595459,13.842825889587402,32.596839904785156,60.905677795410156
2024-05-20,25.94562339782715,11.987316131591797,13.726905822753906,32.650146484375,60.87807083129883
2024-05-21,25.92703628540039,12.05026626586914,13.89112663269043,32.58795928955078,60.70321273803711
2024-05-22,25.555322647094727,11.78048324584961,13.591665267944336,33.03217697143555,60.22465515136719
2024-05-23,25.03492546081543,11.582642555236816,13.446764945983887,32.703453063964844,59.86573791503906
2024-05-24,25.165027618408203,11.663578987121582,13.514385223388672,32.5257682800293,59.89334487915039
2024-05-27,25.471691131591797,11.627607345581055,13.591665267944336,32.88113784790039,60.0958137512207
2024-05-28,25.388051986694336,11.618614196777344,13.408124923706055,33.583003997802734,58.79818344116211
2024-05-29,25.388051986694336,11.501708984375,13.369484901428223,33.53858184814453,58.199989318847656
2024-05-31,25.202194213867188,11.393796920776367,13.156964302062988,34.462562561035156,58.163177490234375
2024-06-03,25.23007583618164,11.46573543548584,13.147303581237793,34.2759895324707,56.939170837402344
2024-06-04,25.304418563842773,11.57288932800293,12.896143913269043,33.893959045410156,56.35938262939453
2024-06-05,25.360177993774414,11.509844779968262,12.828522682189941,33.93838119506836,55.5587158203125
2024-06-06,25.694719314575195,11.753010749816895,13.050000190734863,34.09830093383789,56.33176803588867
2024-06-07,25.257953643798828,11.662949562072754,12.720000267028809,32.81895065307617,55.59553146362305
2024-06-10,25.28583526611328,11.581892013549805,12.739999771118164,33.316471099853516,56.20293045043945
2024-06-11,25.564617156982422,11.644937515258789,12.829999923706055,33.458621978759766,56.12010192871094
2024-06-12,25.08072280883789,11.428789138793945,12.3100004196167,32.730587005615234,55.3470458984375
2024-06-13,25.250822067260742,11.43779468536377,12.460000038146973,32.40163803100586,55.9820556640625
2024-06-14,25.188199996948242,11.554875373840332,12.670000076293945,31.68891143798828,55.788795471191406
2024-06-17,25.188199996948242,11.680962562561035,12.479999542236328,31.80769920349121,55.56792068481445
2024-06-18,24.83584976196289,11.49987506866455,12.489999771118164,32.803688049316406,55.82560348510742
2024-06-19,25.016788482666016,11.555610656738281,12.770000457763672,32.83110427856445,56.000457763671875
2024-06-20,25.131061553955078,11.527742385864258,12.680000305175781,33.35193634033203,56.506629943847656
2024-06-21,25.34056854248047,11.518453598022461,12.890000343322754,33.525550842285156,55.9820556640625
2024-06-24,25.531024932861328,11.555610656738281,13.199999809265137,33.86363983154297,56.046478271484375
2024-06-25,25.607208251953125,11.462719917297363,13.180000305175781,33.83622741699219,55.816402435302734
2024-06-26,25.435794830322266,11.49058723449707,13.390000343322754,33.89105224609375,56.506629943847656
2024-06-27,25.426273345947266,11.537032127380371,13.770000457763672,34.457576751708984,56.65387725830078
2024-06-28,25.435794830322266,11.49987506866455,13.539999961853027,34.76824951171875,57.26128005981445
2024-07-01,25.102493286132812,11.397697448730469,13.59000015258789,35.2982292175293,58.10795211791992
2024-07-02,25.188199996948242,11.378134727478027,13.470000267028809,35.188575744628906,57.91469192504883
2024-07-03,25.435794830322266,11.415349960327148,13.899999618530273,34.57636260986328,59.0650749206543
2024-07-04,25.56911849975586,11.46186637878418,14.140000343322754,34.10121536254883,58.77057647705078
2024-07-05,25.45484161376953,11.59211540222168,14.100000381469727,34.283966064453125,58.53129577636719
2024-07-08,25.03583526611328,11.59211540222168,13.970000267028809,35.12461471557617,58.07114028930664
2024-07-09,24.95012664794922,11.59211540222168,14.079999923706055,35.115478515625,57.997520446777344
2024-07-10,25.34056854248047,11.787487030029297,14.029999732971191,34.78652572631836,57.21525955200195
2024-07-11,25.216766357421875,11.787487030029297,14.300000190734863,35.02410125732422,57.06800842285156
2024-07-12,25.550071716308594,11.759578704833984,14.279999732971191,34.85962677001953,57.90549087524414
2024-07-15,25.664348602294922,11.73166561126709,14.3100004196167,35.179439544677734,57.96990966796875
2024-07-16,25.75005340576172,11.768879890441895,14.329999923706055,35.08806610107422,57.362510681152344
2024-07-17,26.007173538208008,11.908432006835938,14.300000190734863,35.270816802978516,56.8287353515625
2024-07-18,25.892898559570312,11.685152053833008,13.880000114440918,35.206851959228516,56.29495620727539
2024-07-19,25.816715240478516,11.620023727416992,14.029999732971191,35.35305404663086,56.24894332885742
2024-07-22,25.84528350830078,11.750274658203125,14.050000190734863,34.64945983886719,56.18452072143555
2024-07-23,25.692914962768555,11.666543006896973,13.6899995803833,34.20172882080078,55.42987060546875
2024-07-24,25.588163375854492,11.675846099853516,13.569999694824219,34.47584915161133,55.7703857421875
2024-07-25,25.607208251953125,11.489777565002441,13.550000190734863,34.4301643371582,55.742774963378906
2024-07-26,25.826236724853516,11.58281135559082,13.699999809265137,34.393611907958984,56.57105255126953
2024-07-29,25.864328384399414,11.629328727722168,13.4399995803833,33.69916534423828,56.67228317260742
2024-07-30,25.664348602294922,11.536293983459473,13.380000114440918,33.4890022277832,55.42066955566406
2024-07-31,25.283430099487305,11.564205169677734,13.369999885559082,34.183448791503906,56.718299865722656
2024-08-01,25.112016677856445,11.713059425354004,13.069999694824219,33.66261291503906,55.448280334472656
2024-08-02,24.912033081054688,11.786646842956543,13.0,32.64834976196289,54.67522430419922
2024-08-05,24.95012664794922,12.681124687194824,12.800000190734863,32.62093734741211,54.39267349243164
2024-08-06,25.378658294677734,13.100414276123047,13.0,33.187461853027344,54.6693115234375
2024-08-07,25.045352935791016,13.12836742401123,13.1899995803833,33.14177703857422,54.56437683105469
2024-08-08,24.940603256225586,13.277445793151855,13.300000190734863,33.6717529296875,54.230506896972656
2024-08-09,25.283430099487305,13.603557586669922,13.609999656677246,33.36107635498047,54.43083190917969
2024-08-12,25.826236724853516,13.696734428405762,13.479999542236328,34.11948776245117,54.15419006347656
2024-08-13,26.159542083740234,13.864448547363281,13.710000038146973,33.90932846069336,53.91571044921875
2024-08-14,26.597597122192383,13.985577583312988,13.510000228881836,34.503265380859375,53.419673919677734
2024-08-15,26.807098388671875,14.125337600708008,13.6899995803833,35.03323745727539,53.63907241821289
2024-08-16,27.0166072845459,13.9483060836792,13.430000305175781,35.179439544677734,53.49598693847656
2024-08-19,27.74034881591797,14.572579383850098,13.9399995803833,35.12461471557617,54.354515075683594
2024-08-20,27.86414909362793,14.628484725952148,13.869999885559082,34.987552642822266,54.56437683105469
2024-08-21,27.74034881591797,14.563261985778809,13.930000305175781,34.77738952636719,55.61369323730469
2024-08-22,27.115610122680664,14.460769653320312,13.6899995803833,34.88377380371094,55.69001007080078
2024-08-23,27.318906784057617,14.59121322631836,13.970000267028809,34.66762924194336,54.755165100097656
2024-08-26,27.42539405822754,14.54462718963623,14.039999961853027,37.18617248535156,55.37520980834961
2024-08-27,27.115610122680664,14.367594718933105,13.960000038146973,36.68810272216797,57.04457473754883
2024-08-28,27.280183792114258,14.600531578063965,13.65999984741211,37.2143669128418,56.6343879699707
2024-08-29,27.396350860595703,14.563261985778809,13.4399995803833,36.960636138916016,56.5676155090332
2024-08-30,27.22210121154785,14.572579383850098,13.359999656677246,36.99822235107422,56.834712982177734
2024-09-02,27.51251983642578,14.535310745239258,13.109999656677246,36.6505126953125,56.03342056274414
2024-09-03,27.764217376708984,14.692944526672363,13.119999885559082,36.208824157714844,53.94432830810547
2024-09-04,28.06431770324707,14.804890632629395,13.399999618530273,36.21822738647461,54.36405563354492
2024-09-05,28.316017150878906,14.935495376586914,13.420000076293945,35.99268341064453,54.755165100097656
2024-09-06,27.85134506225586,14.646299362182617,12.890000343322754,35.287864685058594,54.06834030151367
2024-09-09,28.199848175048828,14.692944526672363,12.760000228881836,35.67316436767578,54.06834030151367
2024-09-10,27.783578872680664,14.739588737487793,12.489999771118164,35.081119537353516,53.419673919677734
2024-09-11,27.793258666992188,14.57166862487793,12.970000267028809,35.04352951049805,54.93640899658203
2024-09-12,27.50737190246582,14.506366729736328,12.84000015258789,34.648834228515625,55.43244552612305
2024-09-13,27.692508697509766,14.506366729736328,13.039999961853027,34.48907470703125,55.80447769165039
2024-09-16,27.838666915893555,14.394421577453613,13.130000114440918,34.96834945678711,55.80447769165039
2024-09-17,27.66327476501465,14.301132202148438,13.399999618530273,34.80859375,55.53738021850586
2024-09-18,27.526859283447266,14.217171669006348,13.100000381469727,33.97220993041992,54.88871383666992
2024-09-19,27.1955623626709,14.02126693725586,12.989999771118164,34.08498001098633,55.54691696166992
2024-09-20,26.796056747436523,13.76005744934082,12.5600004196167,34.07558059692383,54.70746612548828
2024-09-23,26.69861602783203,13.405562400817871,12.25,34.42329406738281,54.879173278808594
2024-09-24,26.679128646850586,13.386903762817383,12.720000267028809,34.56425476074219,57.559696197509766
2024-09-25,26.601177215576172,13.470863342285156,12.5,34.817989349365234,57.81725311279297
2024-09-26,26.776569366455078,13.816033363342285,12.960000038146973,34.066184997558594,61.28953170776367
2024-09-27,26.552457809448242,13.93730640411377,13.149999618530273,33.93461990356445,61.01289367675781
2024-09-30,26.484249114990234,13.713414192199707,13.079999923706055,33.840641021728516,60.5836296081543
2024-10-01,26.386808395385742,13.890739440917969,13.3100004196167,34.7428092956543,60.87934494018555
2024-10-02,26.455015182495117,14.391579627990723,13.529999732971191,35.22208023071289,61.213218688964844
2024-10-03,26.211416244506836,14.240089416503906,13.09000015258789,35.65436935424805,60.039894104003906
2024-10-04,26.172441482543945,14.259026527404785,13.25,35.560394287109375,59.60108947753906
2024-10-07,26.29911231994629,14.391579627990723,13.050000190734863,36.05846405029297,60.12574768066406
2024-10-08,26.289369583129883,14.410517692565918,12.800000190734863,35.3348503112793,58.30375289916992
2024-10-09,25.753448486328125,14.126473426818848,12.4399995803833,34.97774887084961,58.151126861572266
2024-10-10,25.52933692932129,14.202217102050781,12.479999542236328,35.38184356689453,58.427764892578125
2024-10-11,25.656005859375,14.01285457611084,12.100000381469727,35.35364532470703,59.26721954345703
2024-10-14,25.841144561767578,14.221155166625977,12.239999771118164,35.43822479248047,59.07643127441406
2024-10-15,25.792423248291016,14.34423828125,12.119999885559082,35.14690399169922,58.3514518737793
2024-10-16,26.07499885559082,14.296899795532227,12.0600004196167,34.96834945678711,59.4675407409668
2024-10-17,26.036022186279297,14.391579627990723,11.890000343322754,34.70521926879883,57.96034240722656
2024-10-18,26.006792068481445,14.505197525024414,11.8100004196167,34.611244201660156,57.76001739501953
2024-10-21,25.938583374023438,14.467325210571289,11.729999542236328,34.066184997558594,57.55015563964844
2024-10-22,25.626773834228516,14.372645378112793,11.6899995803833,33.93461990356445,57.62647247314453
2024-10-23,25.656005859375,14.315834999084473,11.729999542236328,33.51172637939453,56.61531066894531
2024-10-24,25.685239791870117,14.34423828125,11.819999694824219,33.73727035522461,56.949188232421875
2024-10-25,25.694982528686523,14.135939598083496,11.75,33.97220993041992,58.885650634765625
2024-10-28,25.646263122558594,14.391579627990723,12.069999694824219,33.91582489013672,59.982662200927734
2024-10-29,25.500102996826172,14.183280944824219,12.09000015258789,33.840641021728516,59.772796630859375
2024-10-30,25.694982528686523,14.230622291564941,12.029999732971191,33.69028091430664,59.591552734375
2024-10-31,25.656005859375,13.605722427368164,11.819999694824219,33.746665954589844,59.200443267822266
2024-11-01,25.422151565551758,13.359553337097168,11.5,33.28618621826172,59.17182159423828
2024-11-04,25.56831169128418,13.377542495727539,12.079999923706055,33.361366271972656,59.78233337402344
2024-11-05,25.578054428100586,13.206886291503906,12.069999694824219,33.257991790771484,59.25767517089844
2024-11-06,25.626773834228516,13.09311580657959,12.130000114440918,33.267391204833984,58.58993148803711
2024-11-07,25.519590377807617,12.950901985168457,12.050000190734863,33.37076187133789,60.63132858276367
2024-11-08,25.324710845947266,12.808688163757324,11.670000076293945,34.00040054321289,57.836334228515625
2024-11-11,25.34419822692871,12.761283874511719,11.630000114440918,34.066184997558594,55.947566986083984
2024-11-12,25.285736083984375,12.694917678833008,11.359999656677246,34.70521926879883,54.67885208129883
2024-11-13,25.285736083984375,12.780245780944824,11.430000305175781,34.658233642578125,54.526222229003906
2024-11-14,24.7205810546875,12.82765007019043,11.300000190734863,35.02473831176758,54.22096633911133
2024-11-18,25.051877975463867,13.007786750793457,11.050000190734863,35.89870834350586,54.898250579833984
2024-11-19,25.188295364379883,13.102596282958984,11.0,35.522804260253906,55.02226257324219
2024-11-21,24.6133975982666,13.055193901062012,10.489999771118164,35.62617874145508,54.965023040771484
2024-11-22,24.94469451904297,13.083634376525879,11.130000114440918,37.04520797729492,55.49922180175781
2024-11-25,25.09085464477539,12.89401626586914,11.239999771118164,36.81966781616211,55.489681243896484
2024-11-26,25.491352081298828,12.979344367980957,11.010000228881836,36.772682189941406,54.78377914428711
2024-11-27,25.044483184814453,12.628551483154297,10.75,36.641117095947266,55.45153045654297
2024-11-28,24.309633255004883,12.097622871398926,9.670000076293945,36.26521301269531,54.879173278808594
2024-11-29,24.597614288330078,11.974369049072266,10.1899995803833,36.55653762817383,56.07157516479492
2024-12-02,24.399005889892578,11.718384742736816,9.989999771118164,36.79147720336914,56.20512008666992
2024-12-03,24.69692039489746,11.67943000793457,9.9399995803833,37.120391845703125,55.77586364746094
2024-12-04,24.994831085205078,11.812366485595703,9.720000267028809,36.88545227050781,54.68838882446289
2024-12-05,25.30267333984375,11.973788261413574,9.819999694824219,37.251956939697266,55.1367301940918
2024-12-06,24.557891845703125,11.6984224319458,9.399999618530273,36.67870330810547,54.19234848022461
2024-12-09,24.498310089111328,11.622456550598145,9.359999656677246,37.62786102294922,57.07319641113281
2024-12-10,24.657197952270508,11.850347518920898,9.609999656677246,37.768821716308594,57.015960693359375
2024-12-11,25.183509826660156,12.059249877929688,9.739999771118164,38.14472579956055,56.12881088256836
2024-12-12,24.850000381469727,11.641448974609375,9.260000228881836,37.46245193481445,54.579795837402344
2024-12-13,24.510000228881836,11.489521980285645,8.90999984741211,37.227943420410156,53.76172637939453
2024-12-16,24.15999984741211,11.299612045288086,8.6899995803833,37.07160568237305,53.732852935791016
2024-12-17,24.420000076293945,11.385069847106934,8.819999694824219,37.42336654663086,54.00233459472656
2024-12-18,23.739999771118164,10.910296440124512,8.350000381469727,36.45602798461914,52.75116729736328
2024-12-19,23.889999389648438,10.919793128967285,8.289999961853027,36.30946350097656,51.7502326965332
2024-12-20,24.079999923706055,11.166675567626953,8.520000457763672,36.00655746459961,52.568302154541016
2024-12-23,23.920000076293945,10.967270851135254,8.539999961853027,36.01633071899414,52.7896614074707
2024-12-26,24.200000762939453,11.052728652954102,8.359999656677246,34.95127868652344,52.94365310668945
2024-12-27,24.110000610351562,10.967270851135254,8.15999984741211,34.84379577636719,52.683799743652344
2024-12-30,24.170000076293945,10.976765632629395,8.15999984741211,35.361663818359375,52.50093460083008
